id,familia,marca
23229,1.0,20.0
32492,7.0,33.0
76146,1.0,7.0
81710,1.0,213.0
23905,1.0,20.0
37104,2.0,38.0
12329,1.0,18.0
25539,1.0,23.0
35658,1.0,170.0
36776,1.0,38.0
36492,1.0,202.0
76202,1.0,7.0
84070,1.0,221.0
28832,1.0,30.0
77398,1.0,227.0
31636,20.0,33.0
83558,1.0,7.0
68544,6.0,206.0
19254,7.0,186.0
106346,1.0,18.0
14495,7.0,44.0
22895,1.0,20.0
30944,9.0,33.0
87269,1.0,176.0
33258,1.0,198.0
68388,9.0,39.0
21811,6.0,98.0
36046,1.0,170.0
81708,1.0,213.0
15069,7.0,44.0
81101,1.0,228.0
21999,7.0,98.0
78717,1.0,21.0
28144,7.0,194.0
15837,1.0,185.0
35088,1.0,161.0
92333,1.0,176.0
78603,1.0,21.0
14357,7.0,44.0
77516,1.0,227.0
20085,1.0,9.0
20947,7.0,76.0
86587,1.0,218.0
80323,1.0,229.0
83524,1.0,7.0
108427,1.0,7.0
34288,1.0,160.0
27283,1.0,25.0
15661,7.0,44.0
75592,1.0,7.0
72473,1.0,137.0
91349,1.0,270.0
16949,7.0,186.0
67702,1.0,10.0
104835,1.0,65.0
28996,1.0,32.0
24911,1.0,20.0
20739,9.0,188.0
90591,1.0,176.0
31798,7.0,33.0
105808,1.0,226.0
78158,1.0,213.0
15899,1.0,185.0
79359,1.0,21.0
73881,1.0,219.0
82879,1.0,214.0
31380,20.0,33.0
22343,7.0,110.0
83576,1.0,7.0
13525,1.0,2.0
29666,20.0,33.0
16977,7.0,186.0
92632,1.0,227.0
9070,1.0,18.0
26407,1.0,23.0
77670,1.0,227.0
18212,7.0,186.0
36138,1.0,170.0
34394,7.0,201.0
91211,2.0,213.0
14177,7.0,44.0
71397,9.0,211.0
71515,1.0,165.0
14485,7.0,44.0
93361,2.0,213.0
86125,1.0,176.0
88359,1.0,239.0
86759,1.0,176.0
74098,1.0,219.0
27345,1.0,25.0
8824,1.0,18.0
16071,1.0,185.0
28688,1.0,30.0
20265,7.0,67.0
77168,1.0,7.0
70519,7.0,19.0
17360,7.0,186.0
67980,9.0,39.0
16157,1.0,185.0
18974,7.0,186.0
33272,1.0,198.0
17968,7.0,186.0
33944,1.0,156.0
81465,1.0,214.0
33904,7.0,199.0
93997,1.0,244.0
32710,7.0,33.0
89402,1.0,270.0
26157,1.0,23.0
32104,1.0,33.0
13091,8.0,2.0
32274,1.0,33.0
10046,1.0,18.0
28658,1.0,30.0
32676,7.0,33.0
16639,1.0,185.0
36412,1.0,170.0
25255,1.0,20.0
108589,1.0,65.0
74242,1.0,219.0
17590,7.0,186.0
68451,7.0,39.0
26491,1.0,23.0
89706,1.0,213.0
108573,1.0,65.0
69669,8.0,27.0
33706,1.0,198.0
36646,1.0,38.0
35216,1.0,165.0
33166,1.0,198.0
32752,7.0,33.0
26845,1.0,25.0
16659,1.0,185.0
14457,7.0,44.0
27141,1.0,25.0
88255,1.0,239.0
87975,1.0,251.0
78397,1.0,21.0
90325,1.0,255.0
74484,1.0,7.0
29324,1.0,32.0
102955,1.0,7.0
83344,1.0,214.0
30360,18.0,33.0
71413,9.0,211.0
67543,7.0,39.0
73987,1.0,219.0
35176,1.0,165.0
83520,1.0,7.0
85594,1.0,29.0
29714,20.0,33.0
75528,1.0,7.0
86273,1.0,247.0
111565,2.0,174.0
92794,1.0,234.0
25871,1.0,23.0
77454,1.0,227.0
105588,1.0,226.0
21631,6.0,98.0
32128,1.0,33.0
108695,1.0,65.0
77436,1.0,227.0
78567,1.0,21.0
110641,1.0,174.0
80601,1.0,213.0
15185,7.0,44.0
20255,7.0,67.0
33834,1.0,198.0
27720,1.0,25.0
9048,1.0,18.0
23601,2.0,20.0
36026,1.0,170.0
89734,1.0,213.0
25951,1.0,23.0
19024,7.0,186.0
23109,1.0,20.0
17286,7.0,186.0
72111,5.0,196.0
104802,1.0,7.0
74688,1.0,7.0
93651,1.0,7.0
78417,2.0,21.0
31028,9.0,33.0
93610,1.0,78.0
81149,1.0,231.0
18630,7.0,186.0
80259,1.0,229.0
36754,1.0,38.0
15099,7.0,44.0
93720,1.0,78.0
33604,1.0,198.0
67079,7.0,39.0
11303,1.0,18.0
27055,1.0,25.0
68707,8.0,6.0
18876,7.0,186.0
85400,1.0,29.0
28174,7.0,194.0
14011,7.0,44.0
14235,7.0,44.0
31764,7.0,33.0
84830,1.0,29.0
35998,1.0,170.0
21609,6.0,98.0
81818,1.0,235.0
13263,7.0,2.0
69883,8.0,27.0
87605,1.0,249.0
75146,1.0,7.0
76128,1.0,7.0
74644,1.0,7.0
76226,1.0,7.0
84468,1.0,221.0
92095,1.0,176.0
28096,1.0,194.0
105874,1.0,226.0
12490,1.0,18.0
36812,1.0,38.0
20361,7.0,67.0
74208,7.0,15.0
21157,7.0,76.0
14839,7.0,44.0
16487,1.0,185.0
75250,1.0,7.0
36680,1.0,38.0
29994,7.0,33.0
104352,1.0,228.0
23175,1.0,20.0
28670,1.0,30.0
35926,1.0,170.0
72249,5.0,196.0
77742,1.0,227.0
85424,1.0,29.0
91987,1.0,176.0
113457,1.0,18.0
13675,7.0,184.0
80509,1.0,228.0
81646,1.0,235.0
31026,9.0,33.0
29440,9.0,33.0
74072,7.0,217.0
9824,1.0,18.0
26009,1.0,23.0
27089,1.0,25.0
13683,8.0,184.0
26123,1.0,23.0
31224,20.0,33.0
14085,7.0,44.0
19715,1.0,9.0
34190,1.0,156.0
106734,1.0,226.0
20369,7.0,67.0
15349,7.0,44.0
30248,18.0,33.0
69005,7.0,15.0
75182,1.0,7.0
113657,1.0,18.0
16405,1.0,185.0
88063,1.0,251.0
87431,1.0,226.0
85584,1.0,29.0
66364,7.0,186.0
77926,1.0,213.0
35102,1.0,161.0
18578,7.0,186.0
68980,6.0,15.0
20719,9.0,188.0
10747,1.0,18.0
25653,1.0,23.0
85054,1.0,29.0
31484,20.0,33.0
27017,1.0,25.0
29090,1.0,32.0
18530,7.0,186.0
77890,1.0,213.0
16259,1.0,185.0
105844,1.0,226.0
85648,1.0,29.0
103380,1.0,65.0
26053,1.0,23.0
8818,1.0,18.0
15051,7.0,44.0
12480,1.0,18.0
35754,1.0,170.0
15881,1.0,185.0
112501,1.0,269.0
30110,7.0,33.0
19048,7.0,186.0
18312,7.0,186.0
29184,1.0,32.0
13889,7.0,44.0
85088,1.0,29.0
112391,1.0,269.0
20053,1.0,9.0
21067,7.0,76.0
78108,1.0,234.0
32608,7.0,33.0
15635,7.0,44.0
69597,8.0,27.0
19164,7.0,186.0
12818,8.0,18.0
82689,1.0,237.0
85114,1.0,29.0
77110,1.0,7.0
29072,1.0,32.0
25773,1.0,23.0
21463,7.0,98.0
21809,7.0,98.0
9106,1.0,18.0
15783,7.0,44.0
21783,6.0,98.0
78795,1.0,21.0
29978,7.0,33.0
26237,1.0,23.0
18498,7.0,186.0
90130,1.0,18.0
74930,1.0,7.0
26063,1.0,23.0
87515,1.0,249.0
13435,7.0,2.0
15925,1.0,185.0
20541,7.0,67.0
103344,1.0,7.0
16903,7.0,186.0
18214,7.0,186.0
15611,7.0,44.0
78757,1.0,21.0
17546,7.0,186.0
26427,1.0,23.0
76048,1.0,216.0
86251,1.0,247.0
81047,1.0,228.0
104665,1.0,248.0
74614,1.0,7.0
86211,1.0,218.0
31356,20.0,33.0
82219,1.0,235.0
66358,1.0,185.0
28330,5.0,196.0
85032,1.0,29.0
77880,1.0,213.0
35322,1.0,165.0
83664,1.0,7.0
89528,1.0,176.0
25435,1.0,20.0
31786,7.0,33.0
34206,1.0,156.0
66385,6.0,186.0
30758,20.0,33.0
27321,1.0,25.0
103154,1.0,7.0
20673,7.0,67.0
8972,1.0,18.0
68830,7.0,15.0
13711,7.0,44.0
92139,1.0,176.0
24523,1.0,20.0
81241,1.0,176.0
87287,1.0,176.0
25359,1.0,20.0
79777,1.0,21.0
90762,1.0,213.0
113663,1.0,18.0
12791,8.0,18.0
18338,7.0,186.0
30624,20.0,33.0
81087,1.0,228.0
25513,1.0,23.0
32612,7.0,33.0
14371,7.0,44.0
28240,5.0,196.0
27820,1.0,126.0
106060,1.0,226.0
34666,1.0,161.0
83696,1.0,7.0
32386,1.0,33.0
35058,1.0,161.0
21039,7.0,76.0
9229,1.0,18.0
81521,1.0,214.0
102678,1.0,7.0
11660,1.0,18.0
20287,7.0,67.0
17722,7.0,186.0
22291,7.0,193.0
67001,7.0,205.0
21853,7.0,98.0
35794,1.0,170.0
14791,7.0,44.0
87185,1.0,247.0
21393,1.0,191.0
113347,1.0,9.0
81021,1.0,228.0
25187,1.0,20.0
74001,1.0,219.0
112519,1.0,269.0
77382,1.0,227.0
36560,1.0,38.0
82609,1.0,236.0
23023,1.0,20.0
67778,1.0,10.0
81700,1.0,214.0
9281,1.0,9.0
79155,1.0,21.0
29620,9.0,33.0
17122,7.0,186.0
26971,1.0,25.0
31508,20.0,33.0
75418,1.0,7.0
26997,1.0,25.0
86911,1.0,270.0
74904,1.0,7.0
92001,1.0,176.0
17190,7.0,186.0
30782,20.0,33.0
88199,1.0,18.0
111517,1.0,174.0
33188,1.0,198.0
30522,7.0,33.0
19755,1.0,9.0
76284,1.0,18.0
69152,7.0,15.0
18732,7.0,186.0
18820,7.0,186.0
87267,1.0,176.0
69507,8.0,27.0
67013,7.0,205.0
21285,7.0,76.0
102969,1.0,7.0
107988,1.0,267.0
34198,1.0,156.0
79269,1.0,21.0
70617,8.0,27.0
9912,1.0,9.0
12770,8.0,18.0
90641,1.0,176.0
82008,1.0,235.0
84029,1.0,242.0
11308,1.0,18.0
89362,1.0,78.0
23089,1.0,20.0
12799,8.0,18.0
30890,9.0,33.0
22941,1.0,20.0
92271,1.0,176.0
74734,1.0,7.0
75236,1.0,7.0
78120,1.0,176.0
30180,7.0,33.0
33186,1.0,198.0
36324,1.0,170.0
89168,1.0,243.0
31296,20.0,33.0
26793,1.0,25.0
20853,7.0,76.0
73532,7.0,217.0
36912,2.0,38.0
23013,1.0,20.0
81535,1.0,214.0
35692,1.0,170.0
108529,1.0,65.0
92804,1.0,234.0
66102,7.0,15.0
68111,1.0,10.0
88307,1.0,239.0
18376,7.0,186.0
34852,1.0,161.0
92059,1.0,176.0
19318,7.0,186.0
28966,1.0,32.0
34576,1.0,161.0
28036,1.0,194.0
84402,1.0,221.0
29254,1.0,32.0
87899,1.0,251.0
87247,1.0,176.0
88001,1.0,251.0
16663,1.0,185.0
70855,1.0,140.0
26367,1.0,23.0
34098,1.0,156.0
22813,1.0,20.0
13843,6.0,44.0
84162,1.0,221.0
84408,1.0,221.0
13553,1.0,2.0
36518,1.0,202.0
88623,1.0,252.0
33600,1.0,198.0
18814,7.0,186.0
81944,1.0,235.0
77838,1.0,213.0
15077,7.0,44.0
85482,1.0,29.0
69777,8.0,27.0
25443,1.0,20.0
74013,1.0,219.0
28746,1.0,30.0
16853,7.0,186.0
16597,1.0,185.0
32482,7.0,33.0
30920,9.0,33.0
14717,7.0,44.0
93448,1.0,218.0
27393,1.0,25.0
14883,7.0,44.0
77148,1.0,7.0
34776,1.0,161.0
104322,1.0,228.0
20489,7.0,67.0
73425,1.0,213.0
10561,1.0,1.0
19432,7.0,186.0
31496,20.0,33.0
82967,1.0,214.0
20499,7.0,67.0
20723,9.0,188.0
82413,1.0,214.0
20715,9.0,188.0
21663,6.0,98.0
28694,1.0,30.0
71416,9.0,211.0
30878,9.0,33.0
37094,1.0,38.0
20555,7.0,67.0
10348,1.0,176.0
32898,20.0,33.0
85686,1.0,29.0
90770,1.0,213.0
76385,1.0,18.0
69407,8.0,27.0
20707,7.0,67.0
93454,1.0,218.0
84540,1.0,221.0
33936,1.0,156.0
68394,9.0,39.0
113668,1.0,18.0
26355,1.0,23.0
82719,1.0,237.0
22791,1.0,20.0
77944,1.0,213.0
37140,1.0,38.0
92924,1.0,218.0
89470,1.0,216.0
33032,5.0,33.0
35420,1.0,165.0
9634,1.0,18.0
89846,1.0,18.0
25909,1.0,23.0
17144,7.0,186.0
26603,1.0,23.0
8493,1.0,177.0
68635,1.0,206.0
35424,1.0,165.0
102995,1.0,7.0
12826,8.0,18.0
81808,1.0,235.0
82871,1.0,213.0
32038,18.0,33.0
106160,1.0,226.0
103923,1.0,7.0
33640,1.0,198.0
106892,1.0,226.0
67357,7.0,39.0
86345,1.0,247.0
103390,1.0,65.0
18812,7.0,186.0
33392,1.0,198.0
23559,1.0,20.0
24653,1.0,20.0
75404,1.0,7.0
22631,1.0,20.0
110547,1.0,174.0
81948,1.0,235.0
26183,1.0,23.0
92531,1.0,229.0
23289,1.0,20.0
84488,1.0,221.0
31524,20.0,33.0
33896,7.0,199.0
81962,1.0,214.0
74550,1.0,7.0
20633,7.0,67.0
86551,1.0,247.0
76220,1.0,7.0
11672,1.0,18.0
77666,1.0,227.0
35436,1.0,165.0
27039,1.0,25.0
35020,1.0,161.0
84588,1.0,50.0
23513,1.0,20.0
30008,7.0,33.0
84560,1.0,221.0
27822,1.0,126.0
69621,8.0,27.0
23291,1.0,20.0
17534,7.0,186.0
93602,1.0,78.0
93554,1.0,50.0
85436,1.0,29.0
19541,1.0,9.0
32230,1.0,33.0
92489,1.0,229.0
106738,1.0,226.0
72744,1.0,137.0
14347,7.0,44.0
30658,20.0,33.0
34702,1.0,161.0
35408,1.0,165.0
34944,1.0,161.0
69657,8.0,27.0
31720,7.0,33.0
77374,1.0,227.0
76445,1.0,18.0
17964,7.0,186.0
34446,1.0,161.0
86693,1.0,234.0
113380,1.0,18.0
67525,9.0,39.0
82997,1.0,214.0
23305,1.0,20.0
11322,1.0,18.0
15337,7.0,44.0
83818,1.0,232.0
9847,1.0,9.0
88209,1.0,18.0
17208,7.0,186.0
16173,1.0,185.0
17604,7.0,186.0
29584,45.0,33.0
37218,1.0,38.0
110393,1.0,228.0
23721,1.0,20.0
67609,7.0,39.0
83232,1.0,240.0
34474,1.0,161.0
71227,7.0,210.0
28136,7.0,194.0
26335,1.0,23.0
70942,1.0,140.0
25811,1.0,23.0
75908,1.0,218.0
14413,7.0,44.0
36420,1.0,170.0
66226,7.0,44.0
82775,1.0,50.0
78162,1.0,213.0
89045,1.0,253.0
73503,7.0,217.0
14937,7.0,44.0
23033,1.0,20.0
81326,1.0,213.0
88429,1.0,218.0
21435,7.0,98.0
8724,1.0,9.0
81485,1.0,220.0
92297,1.0,176.0
82931,1.0,214.0
8991,1.0,18.0
23685,1.0,20.0
78333,1.0,218.0
93496,1.0,176.0
17540,7.0,186.0
28248,5.0,196.0
67904,1.0,10.0
32584,7.0,33.0
87567,1.0,249.0
21351,7.0,76.0
16207,1.0,185.0
14965,7.0,44.0
18532,7.0,186.0
81352,1.0,214.0
30438,18.0,33.0
81770,1.0,235.0
13403,1.0,2.0
72243,5.0,196.0
33286,1.0,198.0
35732,1.0,170.0
89829,1.0,18.0
78415,2.0,21.0
36392,1.0,170.0
14567,7.0,44.0
80747,1.0,230.0
31824,7.0,33.0
18952,7.0,186.0
88419,1.0,176.0
35286,1.0,165.0
28126,1.0,194.0
36208,1.0,170.0
102833,1.0,7.0
12832,8.0,18.0
102611,1.0,65.0
104497,1.0,228.0
32472,20.0,33.0
79735,1.0,21.0
79999,1.0,21.0
26201,1.0,23.0
93450,1.0,218.0
36460,1.0,170.0
75604,1.0,7.0
28186,9.0,195.0
81920,1.0,235.0
67968,9.0,39.0
70498,7.0,19.0
104236,1.0,228.0
73833,1.0,219.0
27616,1.0,25.0
78843,1.0,21.0
26077,1.0,23.0
23269,1.0,20.0
84910,1.0,29.0
8943,1.0,18.0
24039,1.0,20.0
31186,20.0,33.0
16195,1.0,185.0
102825,1.0,7.0
21277,7.0,76.0
75792,1.0,219.0
73891,1.0,219.0
28244,5.0,196.0
8575,1.0,181.0
87443,1.0,226.0
80095,1.0,229.0
35282,1.0,165.0
79483,1.0,21.0
25651,1.0,23.0
16993,7.0,186.0
27924,1.0,194.0
68175,1.0,10.0
76150,1.0,7.0
19346,7.0,186.0
93568,1.0,78.0
20381,7.0,67.0
89426,1.0,176.0
77844,1.0,213.0
20217,1.0,10.0
31592,20.0,33.0
34262,1.0,160.0
29732,20.0,33.0
28170,7.0,194.0
84614,1.0,50.0
93262,1.0,229.0
22131,7.0,98.0
8623,1.0,181.0
91899,1.0,176.0
108709,1.0,65.0
26537,1.0,23.0
24917,1.0,20.0
34900,1.0,161.0
20385,7.0,67.0
14373,7.0,44.0
34710,1.0,161.0
81358,1.0,214.0
20427,7.0,67.0
25621,1.0,23.0
82363,1.0,235.0
36808,1.0,38.0
79361,1.0,21.0
36048,1.0,170.0
87305,1.0,176.0
15305,7.0,44.0
29560,20.0,33.0
89232,1.0,18.0
82207,1.0,235.0
19104,7.0,186.0
23791,1.0,20.0
86371,1.0,247.0
83784,1.0,7.0
107980,1.0,267.0
28398,1.0,30.0
69705,8.0,27.0
23353,1.0,20.0
9116,1.0,18.0
87449,1.0,226.0
88403,1.0,218.0
79691,1.0,21.0
90375,1.0,176.0
8926,1.0,18.0
28510,1.0,30.0
67758,7.0,39.0
74138,1.0,219.0
24147,1.0,20.0
18712,7.0,186.0
31262,20.0,33.0
26069,1.0,23.0
22639,3.0,20.0
92079,1.0,176.0
17045,1.0,18.0
74936,1.0,7.0
24159,1.0,20.0
88017,1.0,251.0
91957,1.0,176.0
79673,1.0,21.0
34952,1.0,161.0
84938,1.0,29.0
26095,1.0,23.0
12800,8.0,18.0
10374,1.0,176.0
66151,8.0,2.0
90018,1.0,270.0
21311,7.0,76.0
80795,1.0,213.0
112475,1.0,269.0
16289,1.0,185.0
29706,20.0,33.0
82279,1.0,213.0
32548,7.0,33.0
69404,8.0,27.0
76615,2.0,18.0
12237,1.0,18.0
78459,1.0,21.0
30372,7.0,33.0
110422,1.0,228.0
32786,7.0,33.0
81856,1.0,235.0
91033,1.0,213.0
84748,1.0,29.0
22275,7.0,193.0
18132,7.0,186.0
36526,1.0,202.0
27115,1.0,25.0
70658,8.0,27.0
34168,1.0,156.0
87109,1.0,176.0
73607,1.0,219.0
29566,7.0,33.0
108579,1.0,65.0
23733,1.0,20.0
80623,1.0,7.0
20253,7.0,67.0
10969,1.0,18.0
68915,7.0,15.0
93538,1.0,244.0
16511,1.0,185.0
34052,1.0,156.0
10585,1.0,1.0
78613,1.0,21.0
16871,7.0,186.0
91041,1.0,213.0
73777,1.0,219.0
28394,1.0,30.0
93030,1.0,218.0
17972,7.0,186.0
30780,20.0,33.0
29608,20.0,33.0
9565,1.0,9.0
20485,7.0,67.0
30558,7.0,33.0
35624,1.0,170.0
31900,7.0,33.0
18870,7.0,186.0
25243,1.0,20.0
29512,20.0,33.0
102979,1.0,7.0
31626,20.0,33.0
34698,1.0,161.0
35426,1.0,165.0
24743,1.0,20.0
84970,1.0,29.0
93228,1.0,176.0
75502,1.0,7.0
27614,1.0,25.0
16435,1.0,185.0
16671,7.0,186.0
18334,7.0,186.0
35668,1.0,170.0
77228,7.0,226.0
80377,1.0,229.0
80171,1.0,229.0
32252,1.0,33.0
83802,1.0,213.0
14617,7.0,44.0
73507,6.0,18.0
14339,7.0,44.0
73817,1.0,219.0
84206,1.0,221.0
24315,1.0,20.0
8530,1.0,93.0
14665,7.0,44.0
25307,1.0,20.0
10569,1.0,1.0
76377,1.0,18.0
104276,1.0,228.0
81175,7.0,231.0
75388,1.0,7.0
13561,1.0,4.0
14289,7.0,44.0
27215,1.0,25.0
26219,1.0,23.0
25895,1.0,23.0
80785,1.0,213.0
88477,1.0,213.0
19742,1.0,9.0
77678,1.0,227.0
28284,5.0,196.0
88527,1.0,252.0
34318,7.0,201.0
15795,7.0,44.0
68153,1.0,10.0
19634,1.0,9.0
25203,1.0,20.0
108741,1.0,65.0
32218,1.0,33.0
8495,1.0,36.0
20651,7.0,67.0
85702,1.0,29.0
78685,1.0,21.0
106122,1.0,226.0
22035,7.0,98.0
8814,1.0,18.0
34562,1.0,161.0
30246,7.0,33.0
90851,1.0,176.0
74023,1.0,219.0
14935,7.0,44.0
9557,1.0,9.0
23431,1.0,20.0
19166,7.0,186.0
30608,7.0,33.0
15863,1.0,185.0
78535,2.0,21.0
90766,1.0,213.0
32276,7.0,33.0
25947,1.0,23.0
20659,7.0,67.0
92161,1.0,216.0
91355,1.0,270.0
75688,1.0,7.0
75372,1.0,7.0
37198,1.0,38.0
68559,6.0,206.0
29116,1.0,32.0
21883,7.0,98.0
76818,1.0,7.0
87131,1.0,176.0
88095,1.0,270.0
72258,5.0,196.0
8887,1.0,18.0
31324,20.0,33.0
9529,1.0,9.0
113451,1.0,18.0
77018,1.0,7.0
36860,1.0,38.0
82767,1.0,50.0
23867,1.0,20.0
30754,20.0,33.0
28764,1.0,30.0
111405,1.0,174.0
106282,1.0,226.0
23315,1.0,20.0
25247,1.0,20.0
79061,1.0,21.0
37160,1.0,38.0
29734,20.0,33.0
67481,1.0,10.0
37468,1.0,203.0
29194,1.0,32.0
84506,1.0,221.0
73863,7.0,217.0
93560,1.0,78.0
105738,1.0,226.0
26893,1.0,25.0
18294,7.0,186.0
78869,5.0,21.0
70894,1.0,140.0
21099,7.0,76.0
72195,5.0,196.0
88167,1.0,18.0
74336,1.0,219.0
113516,1.0,18.0
27592,1.0,25.0
86287,1.0,78.0
24845,1.0,20.0
85602,1.0,29.0
15571,7.0,44.0
86013,1.0,240.0
75524,1.0,7.0
17304,7.0,186.0
89089,1.0,213.0
71355,9.0,211.0
33378,1.0,198.0
104136,1.0,7.0
10129,1.0,18.0
9301,1.0,18.0
28928,1.0,30.0
31074,9.0,33.0
33828,1.0,198.0
74548,1.0,7.0
22235,7.0,193.0
24145,1.0,20.0
77590,1.0,227.0
81589,1.0,214.0
11117,1.0,18.0
24133,1.0,20.0
82361,1.0,235.0
74990,1.0,216.0
26623,1.0,23.0
10015,1.0,18.0
27263,1.0,25.0
82973,1.0,214.0
113133,1.0,65.0
13287,1.0,2.0
15189,7.0,44.0
15495,7.0,44.0
103448,1.0,65.0
23177,1.0,20.0
86749,1.0,176.0
106110,1.0,226.0
26279,1.0,23.0
88475,1.0,213.0
22923,1.0,20.0
82283,1.0,214.0
31116,9.0,33.0
8984,1.0,18.0
71126,7.0,209.0
92091,1.0,176.0
79629,1.0,21.0
11617,1.0,18.0
81533,1.0,214.0
31744,7.0,33.0
75480,1.0,7.0
16213,1.0,185.0
10965,1.0,18.0
23633,2.0,20.0
68102,1.0,10.0
71239,7.0,210.0
13391,1.0,2.0
22115,7.0,98.0
21707,6.0,98.0
76850,1.0,7.0
16859,7.0,186.0
75990,1.0,7.0
89285,1.0,244.0
29636,20.0,33.0
25715,1.0,23.0
33168,1.0,198.0
72234,5.0,196.0
78267,1.0,213.0
26557,1.0,23.0
93002,1.0,270.0
31220,20.0,33.0
69681,8.0,27.0
15257,7.0,44.0
73485,1.0,216.0
81235,1.0,176.0
86907,1.0,270.0
34202,1.0,156.0
33740,5.0,198.0
24141,1.0,20.0
82801,1.0,50.0
66106,7.0,15.0
79755,1.0,21.0
31014,9.0,33.0
36490,1.0,202.0
34936,1.0,161.0
88639,1.0,213.0
76878,1.0,7.0
86315,1.0,247.0
70374,7.0,19.0
70203,8.0,19.0
75796,1.0,219.0
84318,1.0,221.0
77356,1.0,227.0
29612,9.0,33.0
20421,7.0,67.0
28118,1.0,194.0
75596,1.0,7.0
22889,1.0,20.0
28620,1.0,30.0
87527,1.0,249.0
66448,7.0,186.0
35172,1.0,165.0
19206,7.0,186.0
22061,7.0,98.0
8459,1.0,181.0
93468,1.0,234.0
84640,1.0,213.0
29722,20.0,33.0
18698,7.0,186.0
35448,1.0,165.0
22867,1.0,20.0
105996,1.0,226.0
89145,1.0,176.0
77888,1.0,213.0
17396,7.0,186.0
20803,7.0,76.0
33174,1.0,198.0
20241,7.0,67.0
30924,9.0,33.0
76719,1.0,216.0
74774,1.0,7.0
67181,9.0,39.0
22561,1.0,20.0
10467,1.0,18.0
26473,1.0,23.0
85024,1.0,29.0
12491,1.0,18.0
81237,1.0,176.0
23311,1.0,20.0
87451,1.0,226.0
80025,1.0,21.0
26737,1.0,25.0
84930,1.0,29.0
33858,7.0,199.0
30662,20.0,33.0
20195,1.0,10.0
107984,1.0,267.0
36188,1.0,170.0
86491,1.0,247.0
21295,7.0,76.0
73711,1.0,219.0
83003,1.0,214.0
87579,1.0,249.0
17140,7.0,186.0
22135,7.0,98.0
28142,7.0,194.0
32200,1.0,33.0
29878,7.0,33.0
16697,7.0,186.0
88021,1.0,251.0
33040,20.0,33.0
8720,1.0,18.0
34930,1.0,161.0
79791,2.0,21.0
14469,7.0,44.0
31598,20.0,33.0
29374,1.0,32.0
70458,7.0,19.0
30378,7.0,33.0
35722,1.0,170.0
33360,1.0,198.0
10750,1.0,18.0
104128,1.0,7.0
17282,7.0,186.0
90779,1.0,213.0
31052,9.0,33.0
79411,2.0,21.0
73961,1.0,219.0
86789,1.0,247.0
17472,7.0,186.0
75136,1.0,7.0
16767,7.0,186.0
106132,1.0,226.0
85188,1.0,29.0
25211,1.0,20.0
68845,7.0,15.0
69302,7.0,207.0
15241,7.0,44.0
91135,1.0,213.0
13677,7.0,184.0
77954,1.0,218.0
27155,1.0,25.0
84442,1.0,221.0
88207,1.0,18.0
15875,1.0,185.0
93378,2.0,213.0
103144,1.0,7.0
18584,7.0,186.0
11314,1.0,18.0
75410,1.0,7.0
30014,7.0,33.0
66280,7.0,44.0
73677,7.0,217.0
37212,1.0,38.0
82881,1.0,214.0
21697,6.0,98.0
79395,1.0,21.0
79083,1.0,21.0
18074,7.0,186.0
79431,1.0,21.0
80519,1.0,228.0
31812,7.0,33.0
20975,7.0,76.0
33554,1.0,198.0
84532,1.0,221.0
108619,1.0,65.0
27700,1.0,25.0
79765,2.0,21.0
80443,1.0,229.0
16703,7.0,186.0
72690,1.0,137.0
111551,1.0,174.0
27926,1.0,194.0
84988,1.0,29.0
17288,7.0,186.0
76106,1.0,7.0
74264,1.0,219.0
27161,1.0,25.0
27129,1.0,25.0
78513,1.0,21.0
73469,1.0,18.0
17200,7.0,186.0
68977,7.0,15.0
17130,7.0,186.0
26927,1.0,25.0
91341,1.0,270.0
112547,1.0,7.0
80879,1.0,213.0
36928,1.0,38.0
29490,9.0,33.0
81163,1.0,231.0
14075,7.0,44.0
13127,1.0,2.0
15815,7.0,44.0
17220,7.0,186.0
102817,1.0,7.0
29910,7.0,33.0
15233,7.0,44.0
19002,7.0,186.0
104808,1.0,7.0
93286,1.0,229.0
75402,1.0,7.0
113453,1.0,18.0
32074,7.0,33.0
27916,1.0,194.0
90120,1.0,176.0
32466,18.0,33.0
29014,1.0,32.0
28626,1.0,30.0
25525,1.0,23.0
28878,1.0,30.0
28466,1.0,30.0
26587,1.0,23.0
36826,1.0,38.0
102953,1.0,7.0
36696,1.0,38.0
20789,7.0,76.0
24101,1.0,20.0
78098,1.0,234.0
23885,1.0,20.0
70672,8.0,27.0
87753,1.0,218.0
31590,20.0,33.0
88325,1.0,239.0
34334,7.0,201.0
29208,1.0,32.0
28060,1.0,194.0
79407,1.0,21.0
75000,1.0,7.0
67652,1.0,10.0
35734,1.0,170.0
13845,6.0,44.0
70918,1.0,140.0
26197,1.0,23.0
13597,1.0,4.0
18032,7.0,186.0
23637,1.0,20.0
13703,7.0,44.0
82805,1.0,50.0
82915,1.0,214.0
92568,2.0,213.0
83033,1.0,213.0
78863,2.0,21.0
25047,1.0,20.0
26073,1.0,23.0
23507,1.0,20.0
33170,1.0,198.0
25285,1.0,20.0
11313,1.0,18.0
17132,7.0,186.0
9662,1.0,18.0
90907,1.0,78.0
28154,7.0,194.0
75118,1.0,7.0
76296,2.0,18.0
9587,1.0,9.0
16603,3.0,185.0
68698,8.0,6.0
81031,1.0,228.0
79591,1.0,21.0
70416,7.0,19.0
76306,1.0,18.0
29216,1.0,32.0
70320,7.0,19.0
74604,1.0,7.0
102885,1.0,7.0
9238,1.0,18.0
15391,7.0,44.0
16203,1.0,185.0
25747,1.0,23.0
80459,1.0,229.0
9321,1.0,18.0
13355,8.0,2.0
22959,1.0,20.0
36790,1.0,38.0
17031,7.0,186.0
81664,1.0,214.0
14349,7.0,44.0
78711,1.0,21.0
17682,7.0,186.0
27628,1.0,25.0
13697,7.0,44.0
85244,1.0,29.0
35492,1.0,165.0
9932,1.0,9.0
78295,1.0,78.0
93558,1.0,213.0
18054,7.0,186.0
67280,1.0,10.0
87367,1.0,176.0
26031,1.0,23.0
20581,7.0,67.0
30060,18.0,33.0
30682,20.0,33.0
83272,1.0,218.0
75072,1.0,7.0
88407,1.0,218.0
111689,2.0,174.0
20865,7.0,76.0
9638,1.0,18.0
12432,6.0,18.0
9411,1.0,9.0
29736,20.0,33.0
81630,1.0,213.0
86199,1.0,213.0
29276,1.0,32.0
13389,1.0,2.0
36538,1.0,38.0
13913,7.0,44.0
104330,1.0,228.0
14399,7.0,44.0
105760,1.0,226.0
16445,1.0,185.0
33742,5.0,198.0
76842,1.0,7.0
11671,1.0,18.0
82237,1.0,235.0
22059,7.0,98.0
77008,1.0,7.0
34050,1.0,156.0
26261,1.0,23.0
84702,1.0,29.0
33672,1.0,198.0
83620,1.0,7.0
14759,7.0,44.0
85430,1.0,29.0
26417,1.0,23.0
113655,1.0,18.0
83810,1.0,241.0
24205,1.0,20.0
15941,1.0,185.0
15133,7.0,44.0
79401,1.0,21.0
37084,2.0,38.0
27101,1.0,25.0
26515,1.0,23.0
8868,1.0,18.0
80227,1.0,229.0
32528,7.0,33.0
83282,1.0,270.0
32534,7.0,33.0
83388,1.0,214.0
75682,1.0,7.0
72123,5.0,196.0
36152,1.0,170.0
15599,7.0,44.0
80257,1.0,229.0
72509,1.0,137.0
74320,1.0,219.0
75416,1.0,7.0
33988,1.0,156.0
33466,1.0,198.0
31226,20.0,33.0
75012,1.0,7.0
83676,1.0,7.0
82259,1.0,214.0
36796,1.0,38.0
36718,1.0,38.0
70641,8.0,27.0
24091,1.0,20.0
85484,1.0,29.0
21307,7.0,76.0
28084,1.0,194.0
30322,7.0,33.0
21971,7.0,98.0
10388,1.0,18.0
34530,1.0,161.0
83484,1.0,7.0
29640,20.0,33.0
24665,1.0,20.0
34676,1.0,161.0
93426,1.0,218.0
28164,7.0,194.0
79467,2.0,21.0
31656,18.0,33.0
106164,1.0,226.0
90040,1.0,218.0
26111,1.0,23.0
77662,1.0,227.0
25639,1.0,23.0
33874,7.0,199.0
31382,20.0,33.0
91205,1.0,213.0
20353,7.0,67.0
85412,1.0,29.0
84974,1.0,29.0
106260,1.0,226.0
79089,1.0,21.0
18902,7.0,186.0
82773,1.0,50.0
26709,1.0,25.0
24751,1.0,20.0
102676,1.0,7.0
28012,1.0,194.0
18112,7.0,186.0
24085,1.0,20.0
35206,1.0,165.0
79135,2.0,21.0
88321,1.0,239.0
71275,7.0,210.0
73637,1.0,219.0
13417,7.0,2.0
77334,1.0,227.0
104124,1.0,7.0
29836,7.0,33.0
81430,1.0,232.0
88607,1.0,252.0
112413,1.0,269.0
78601,1.0,21.0
88077,1.0,251.0
8680,1.0,18.0
30940,9.0,33.0
74017,1.0,219.0
84033,1.0,242.0
33998,1.0,156.0
76230,1.0,224.0
15419,7.0,44.0
16699,7.0,186.0
24003,3.0,20.0
69684,8.0,27.0
29206,1.0,32.0
9820,1.0,18.0
19815,1.0,9.0
83398,1.0,214.0
89486,1.0,18.0
90371,1.0,176.0
16519,1.0,185.0
26869,1.0,25.0
84900,1.0,29.0
10571,1.0,1.0
69967,8.0,27.0
23241,1.0,20.0
26929,1.0,25.0
67483,7.0,39.0
106816,1.0,226.0
34164,1.0,156.0
24791,1.0,20.0
80871,1.0,213.0
85102,1.0,29.0
36344,1.0,170.0
93556,1.0,78.0
19094,7.0,186.0
90098,1.0,176.0
29428,9.0,33.0
79973,1.0,21.0
28374,1.0,30.0
88629,1.0,252.0
9533,1.0,9.0
34302,7.0,201.0
15275,7.0,44.0
83256,1.0,240.0
80577,1.0,216.0
85502,1.0,29.0
28166,7.0,194.0
26365,1.0,23.0
17007,7.0,186.0
35612,1.0,170.0
87487,1.0,226.0
85122,1.0,29.0
33940,1.0,156.0
22887,1.0,20.0
35066,1.0,161.0
88183,1.0,18.0
10501,1.0,18.0
20191,1.0,10.0
32870,20.0,33.0
79911,1.0,21.0
14667,7.0,44.0
68596,1.0,206.0
87225,2.0,247.0
86401,1.0,247.0
104134,1.0,7.0
84332,1.0,221.0
27459,1.0,25.0
30868,9.0,33.0
10301,1.0,18.0
76970,1.0,7.0
26721,1.0,25.0
32256,1.0,33.0
67160,7.0,39.0
27932,1.0,194.0
67705,1.0,10.0
89560,1.0,176.0
112477,1.0,269.0
27968,1.0,194.0
27590,1.0,25.0
16121,1.0,185.0
69320,7.0,207.0
27385,1.0,25.0
34048,1.0,156.0
21241,7.0,76.0
29120,1.0,32.0
111561,2.0,174.0
26895,1.0,25.0
15751,7.0,44.0
14003,7.0,44.0
72427,1.0,137.0
74164,1.0,219.0
75982,1.0,7.0
32168,1.0,33.0
15555,7.0,44.0
15433,7.0,44.0
76184,1.0,7.0
75294,1.0,7.0
85999,1.0,245.0
82145,1.0,235.0
22779,1.0,20.0
32952,20.0,33.0
78369,1.0,21.0
74730,1.0,7.0
21655,6.0,98.0
15591,7.0,44.0
28854,1.0,30.0
111453,1.0,174.0
20407,7.0,67.0
36892,1.0,38.0
93578,1.0,7.0
18770,7.0,186.0
23019,1.0,20.0
21291,7.0,76.0
26865,1.0,25.0
76844,1.0,7.0
21217,7.0,76.0
79621,1.0,21.0
111805,1.0,36.0
78693,1.0,21.0
28774,1.0,30.0
20971,7.0,76.0
86053,1.0,240.0
30812,20.0,33.0
13273,1.0,2.0
66274,7.0,44.0
29672,20.0,33.0
76737,1.0,7.0
93530,1.0,244.0
31806,7.0,33.0
24367,3.0,20.0
92998,1.0,270.0
72097,5.0,196.0
20775,8.0,189.0
106894,1.0,226.0
28242,5.0,196.0
24945,1.0,20.0
68376,7.0,39.0
70583,1.0,108.0
86485,1.0,247.0
14509,7.0,44.0
77140,1.0,7.0
67722,1.0,10.0
21407,1.0,191.0
23739,1.0,20.0
77080,1.0,7.0
77906,1.0,213.0
32438,7.0,33.0
16559,1.0,185.0
78899,1.0,21.0
33486,1.0,198.0
17878,7.0,186.0
30358,18.0,33.0
19704,1.0,9.0
28570,1.0,30.0
69786,7.0,27.0
25319,1.0,20.0
36478,1.0,170.0
18364,7.0,186.0
34938,1.0,161.0
22425,7.0,110.0
90094,1.0,218.0
13947,7.0,44.0
9459,1.0,9.0
34076,1.0,156.0
77776,1.0,227.0
67355,1.0,10.0
30988,9.0,33.0
106926,1.0,226.0
18894,7.0,186.0
69341,7.0,207.0
14575,7.0,44.0
24093,1.0,20.0
23275,1.0,20.0
85168,1.0,29.0
75848,1.0,219.0
86619,1.0,218.0
16015,1.0,185.0
80563,1.0,213.0
22729,1.0,20.0
83322,1.0,214.0
35188,1.0,165.0
17678,7.0,186.0
82763,1.0,50.0
78245,1.0,7.0
15569,7.0,44.0
86755,1.0,176.0
10584,1.0,1.0
35390,1.0,165.0
18718,7.0,186.0
86453,1.0,247.0
12765,8.0,18.0
85356,1.0,29.0
32956,20.0,33.0
72488,1.0,137.0
20737,9.0,188.0
24257,1.0,20.0
78060,1.0,213.0
28628,1.0,30.0
77704,1.0,227.0
16221,1.0,185.0
68728,8.0,6.0
10763,1.0,18.0
73629,1.0,219.0
76156,1.0,7.0
8846,1.0,18.0
31686,18.0,33.0
88277,1.0,239.0
17358,7.0,186.0
30222,7.0,33.0
82075,1.0,235.0
31726,7.0,33.0
72627,1.0,137.0
83869,1.0,242.0
80281,1.0,229.0
27716,1.0,25.0
89827,1.0,18.0
89035,1.0,253.0
108647,1.0,65.0
15563,7.0,44.0
92698,1.0,227.0
105826,1.0,226.0
14907,7.0,44.0
106326,1.0,226.0
69455,8.0,27.0
26125,1.0,23.0
76543,1.0,18.0
112489,1.0,269.0
9856,1.0,9.0
67495,7.0,39.0
8859,1.0,18.0
80121,1.0,229.0
29464,9.0,33.0
27686,1.0,25.0
15225,7.0,44.0
27249,1.0,25.0
74726,1.0,7.0
89418,1.0,270.0
20323,7.0,67.0
68181,1.0,10.0
25257,1.0,20.0
85386,1.0,29.0
78949,2.0,21.0
82815,1.0,50.0
25341,1.0,20.0
32950,20.0,33.0
69961,8.0,27.0
77508,1.0,227.0
20713,9.0,188.0
79445,1.0,21.0
30530,7.0,33.0
85028,1.0,29.0
18616,7.0,186.0
84354,1.0,221.0
85492,1.0,29.0
81537,1.0,214.0
26393,1.0,23.0
83508,1.0,7.0
14403,7.0,44.0
81370,1.0,232.0
29032,1.0,32.0
85230,1.0,29.0
24479,1.0,20.0
27832,1.0,194.0
74274,1.0,219.0
106134,1.0,226.0
113366,1.0,18.0
108693,1.0,65.0
19539,1.0,9.0
25617,1.0,23.0
92700,1.0,227.0
32174,1.0,33.0
89066,1.0,213.0
36438,1.0,170.0
71376,9.0,211.0
22815,1.0,20.0
78559,1.0,21.0
92141,1.0,176.0
77006,1.0,7.0
77064,1.0,7.0
70967,1.0,140.0
29460,9.0,33.0
85524,1.0,29.0
35412,1.0,165.0
28208,5.0,196.0
8692,1.0,18.0
74714,1.0,7.0
78439,1.0,21.0
85414,1.0,29.0
16293,1.0,185.0
12447,6.0,18.0
17594,7.0,186.0
17704,7.0,186.0
72560,1.0,137.0
28668,1.0,30.0
30804,20.0,33.0
19084,7.0,186.0
20183,1.0,10.0
104681,1.0,265.0
36828,1.0,38.0
83960,1.0,242.0
28232,5.0,196.0
76024,1.0,7.0
15595,7.0,44.0
30342,7.0,33.0
36226,1.0,170.0
14607,7.0,44.0
78983,1.0,21.0
29136,1.0,32.0
8718,1.0,18.0
34078,1.0,156.0
17514,7.0,186.0
14409,7.0,44.0
74618,1.0,7.0
113371,1.0,18.0
77214,7.0,226.0
79597,1.0,21.0
36966,1.0,38.0
85756,1.0,29.0
26849,1.0,25.0
28286,5.0,196.0
77972,1.0,270.0
23367,1.0,20.0
87161,1.0,176.0
29366,1.0,32.0
26483,1.0,23.0
29558,20.0,33.0
10283,1.0,18.0
9158,1.0,18.0
23157,1.0,20.0
33580,1.0,198.0
74206,1.0,219.0
75568,1.0,7.0
30316,7.0,33.0
85246,1.0,29.0
22499,1.0,20.0
33330,1.0,198.0
20355,7.0,67.0
29524,9.0,33.0
84500,1.0,221.0
89025,1.0,253.0
79985,1.0,21.0
10976,1.0,18.0
14189,7.0,44.0
23325,1.0,20.0
35508,1.0,36.0
8607,1.0,85.0
16013,1.0,185.0
10531,1.0,1.0
66337,1.0,185.0
26811,1.0,25.0
15535,7.0,44.0
86579,1.0,218.0
14993,7.0,44.0
81097,1.0,228.0
10402,1.0,18.0
13735,7.0,44.0
9360,1.0,9.0
74742,1.0,7.0
67421,1.0,10.0
21375,1.0,191.0
91237,2.0,213.0
87807,1.0,239.0
82917,1.0,214.0
78271,1.0,78.0
108437,1.0,18.0
82285,1.0,214.0
36946,1.0,38.0
72527,1.0,137.0
17874,7.0,186.0
10334,1.0,176.0
35090,1.0,161.0
92956,1.0,270.0
76457,1.0,18.0
86369,1.0,247.0
79647,1.0,21.0
82131,1.0,235.0
17794,7.0,186.0
27600,1.0,25.0
18926,7.0,186.0
33236,1.0,198.0
76802,1.0,7.0
10121,1.0,18.0
24083,1.0,20.0
87495,1.0,226.0
85042,1.0,29.0
79511,2.0,21.0
23159,1.0,20.0
29606,20.0,33.0
88007,1.0,251.0
17404,7.0,186.0
88195,1.0,18.0
9971,1.0,18.0
31410,20.0,33.0
24211,1.0,20.0
89111,1.0,213.0
35906,1.0,170.0
70284,7.0,19.0
29152,1.0,32.0
86241,1.0,247.0
80677,1.0,213.0
8663,1.0,83.0
24535,1.0,20.0
35706,1.0,170.0
78359,1.0,21.0
8760,1.0,18.0
79583,1.0,21.0
14525,7.0,44.0
24237,1.0,20.0
34392,7.0,201.0
79357,1.0,21.0
102985,1.0,7.0
33810,1.0,198.0
70735,8.0,27.0
15601,7.0,44.0
35780,1.0,170.0
28402,1.0,30.0
81426,1.0,232.0
69693,8.0,27.0
17222,7.0,186.0
27854,1.0,194.0
67373,1.0,10.0
8920,1.0,18.0
82923,1.0,214.0
105618,1.0,226.0
35136,1.0,165.0
80313,1.0,229.0
79899,1.0,21.0
18018,7.0,186.0
30002,7.0,33.0
36944,1.0,38.0
74686,1.0,7.0
24749,1.0,20.0
15519,7.0,44.0
105936,1.0,226.0
49708,1.0,9.0
11122,1.0,18.0
29740,12.0,33.0
18962,7.0,186.0
84118,1.0,221.0
77426,1.0,227.0
13897,7.0,44.0
69380,8.0,27.0
75722,1.0,7.0
104537,1.0,228.0
24283,1.0,20.0
33088,20.0,33.0
90377,1.0,176.0
13487,1.0,2.0
78425,2.0,21.0
12793,8.0,18.0
28492,1.0,30.0
29864,7.0,33.0
20515,7.0,67.0
79969,1.0,21.0
74049,1.0,220.0
32412,1.0,33.0
103011,1.0,7.0
87997,1.0,251.0
33226,1.0,198.0
8786,1.0,18.0
76381,1.0,18.0
10177,3.0,18.0
84446,1.0,221.0
15361,7.0,44.0
14023,7.0,44.0
78643,1.0,21.0
71290,7.0,210.0
36870,1.0,38.0
77682,1.0,227.0
12836,8.0,18.0
9433,1.0,9.0
82979,1.0,214.0
16161,1.0,185.0
76988,1.0,7.0
111813,1.0,36.0
71272,7.0,210.0
23411,1.0,20.0
66331,1.0,185.0
82269,1.0,214.0
72723,1.0,137.0
27159,1.0,25.0
28148,7.0,194.0
30148,7.0,33.0
81299,1.0,214.0
28094,1.0,194.0
78699,1.0,21.0
81085,1.0,228.0
88333,1.0,239.0
90827,1.0,176.0
77248,1.0,227.0
15835,1.0,185.0
82067,1.0,213.0
11662,1.0,18.0
102331,1.0,65.0
67637,7.0,39.0
31280,20.0,33.0
76224,1.0,7.0
75696,1.0,7.0
75180,1.0,7.0
26105,1.0,23.0
82825,1.0,50.0
67016,9.0,39.0
70687,8.0,27.0
91056,1.0,213.0
34246,7.0,200.0
30964,9.0,33.0
16067,1.0,185.0
33912,7.0,199.0
19218,7.0,186.0
18508,7.0,186.0
87535,1.0,249.0
104109,1.0,7.0
84630,1.0,78.0
24635,1.0,20.0
33592,1.0,198.0
73528,7.0,217.0
70596,8.0,27.0
22003,7.0,98.0
88571,1.0,252.0
31372,20.0,33.0
15961,1.0,185.0
13087,1.0,2.0
36742,2.0,38.0
91181,1.0,213.0
81165,1.0,231.0
18266,7.0,186.0
86047,1.0,240.0
20425,7.0,67.0
14135,7.0,44.0
30488,7.0,33.0
14305,7.0,44.0
84804,1.0,29.0
12441,6.0,18.0
112531,1.0,7.0
75394,1.0,7.0
21053,7.0,76.0
84142,1.0,221.0
27123,1.0,25.0
13205,1.0,2.0
78551,1.0,21.0
9837,1.0,9.0
35486,1.0,165.0
16791,7.0,186.0
104843,1.0,266.0
106018,1.0,226.0
104535,1.0,228.0
14599,7.0,44.0
106984,1.0,226.0
81285,1.0,232.0
81131,1.0,228.0
81410,1.0,220.0
35958,1.0,170.0
84802,1.0,29.0
79705,1.0,21.0
105702,1.0,226.0
87855,1.0,251.0
108745,1.0,228.0
23433,1.0,20.0
13909,7.0,44.0
87265,1.0,176.0
17738,7.0,186.0
23889,1.0,20.0
71494,1.0,165.0
66196,7.0,44.0
78763,1.0,21.0
80215,1.0,229.0
26457,1.0,23.0
19252,7.0,186.0
10958,1.0,18.0
108557,1.0,65.0
67908,9.0,39.0
36976,1.0,38.0
84972,1.0,29.0
22549,1.0,20.0
76342,1.0,18.0
77038,1.0,7.0
92009,1.0,176.0
76423,1.0,18.0
23683,1.0,20.0
15693,7.0,44.0
36348,1.0,170.0
8483,1.0,179.0
82165,1.0,235.0
113722,1.0,18.0
68939,7.0,15.0
33444,1.0,198.0
81884,1.0,235.0
105810,1.0,226.0
80769,1.0,213.0
102699,1.0,7.0
92131,1.0,176.0
76874,1.0,7.0
87837,1.0,251.0
83254,1.0,240.0
75266,1.0,7.0
66235,7.0,44.0
14785,7.0,44.0
34480,1.0,161.0
75366,1.0,7.0
32946,20.0,33.0
77456,1.0,227.0
90651,1.0,176.0
88305,1.0,239.0
35876,1.0,170.0
18422,7.0,186.0
23119,1.0,20.0
106094,1.0,226.0
25815,1.0,23.0
28328,5.0,196.0
86405,1.0,247.0
28514,1.0,30.0
10563,1.0,1.0
10611,1.0,18.0
90573,1.0,234.0
32748,7.0,33.0
25377,1.0,20.0
110523,1.0,174.0
104533,1.0,228.0
82487,1.0,236.0
76371,1.0,18.0
70440,7.0,19.0
85180,1.0,29.0
24197,1.0,20.0
106806,1.0,226.0
82835,1.0,50.0
18264,7.0,186.0
14511,7.0,44.0
22797,1.0,20.0
34258,1.0,160.0
17506,7.0,186.0
25625,1.0,23.0
35356,1.0,165.0
31266,20.0,33.0
15647,7.0,44.0
9007,1.0,18.0
34934,1.0,161.0
80251,1.0,229.0
29586,45.0,33.0
108587,1.0,65.0
12342,1.0,18.0
36632,1.0,38.0
105868,1.0,226.0
106838,1.0,226.0
68237,1.0,10.0
67565,1.0,10.0
106106,1.0,226.0
36682,1.0,38.0
18504,7.0,186.0
22143,7.0,98.0
22355,7.0,110.0
32132,1.0,33.0
32178,1.0,33.0
21505,7.0,98.0
29138,1.0,32.0
36660,1.0,38.0
14629,7.0,44.0
85272,1.0,29.0
28324,5.0,196.0
29892,7.0,33.0
68224,9.0,39.0
29386,1.0,32.0
29438,9.0,33.0
88511,1.0,252.0
78475,1.0,21.0
33658,1.0,198.0
16579,1.0,185.0
103408,1.0,65.0
25381,1.0,20.0
23605,2.0,20.0
22825,1.0,20.0
92886,1.0,176.0
77348,1.0,227.0
16467,1.0,185.0
13289,1.0,2.0
18198,7.0,186.0
106910,1.0,226.0
92301,1.0,176.0
35774,1.0,170.0
84340,1.0,221.0
91817,1.0,176.0
35422,1.0,165.0
12483,1.0,18.0
35518,1.0,36.0
13095,1.0,2.0
21599,6.0,98.0
8702,1.0,18.0
75926,1.0,176.0
74214,1.0,219.0
77834,1.0,213.0
76940,1.0,7.0
92395,1.0,229.0
27229,1.0,25.0
18482,7.0,186.0
92175,2.0,216.0
82955,1.0,214.0
32432,1.0,33.0
21955,7.0,98.0
88283,1.0,239.0
34342,1.0,201.0
102738,1.0,7.0
13265,8.0,2.0
28866,1.0,30.0
106974,1.0,226.0
21183,7.0,76.0
16461,1.0,185.0
92814,1.0,220.0
81113,1.0,228.0
90955,1.0,78.0
14683,7.0,44.0
104101,1.0,7.0
34974,1.0,161.0
74898,1.0,7.0
34634,1.0,161.0
8842,1.0,18.0
78721,1.0,21.0
111781,1.0,36.0
82977,1.0,78.0
23399,1.0,20.0
36062,1.0,170.0
88499,1.0,252.0
103398,1.0,65.0
31036,9.0,33.0
17686,7.0,186.0
81894,1.0,235.0
67523,1.0,10.0
79593,1.0,21.0
85184,1.0,29.0
70455,7.0,19.0
18094,7.0,186.0
24585,1.0,20.0
92525,1.0,229.0
16527,1.0,185.0
34904,1.0,161.0
20545,7.0,67.0
23673,1.0,20.0
67613,1.0,10.0
83987,1.0,242.0
79121,1.0,21.0
79817,1.0,21.0
18514,7.0,186.0
80397,1.0,229.0
110428,1.0,228.0
26583,1.0,23.0
76008,1.0,7.0
113687,1.0,18.0
77782,1.0,227.0
83780,1.0,7.0
9054,1.0,18.0
106314,1.0,226.0
92497,1.0,229.0
28506,1.0,30.0
10517,1.0,1.0
78541,1.0,21.0
82789,1.0,50.0
74772,1.0,7.0
80809,1.0,213.0
28556,1.0,30.0
89291,1.0,270.0
36058,1.0,170.0
79167,1.0,21.0
110517,1.0,174.0
113340,1.0,9.0
36600,2.0,38.0
75080,1.0,7.0
19851,1.0,9.0
80431,1.0,229.0
70660,8.0,27.0
92087,1.0,176.0
36630,1.0,38.0
84304,1.0,221.0
23381,1.0,20.0
67025,9.0,39.0
74338,1.0,219.0
90909,1.0,78.0
69678,8.0,27.0
16185,1.0,185.0
70996,1.0,140.0
33440,1.0,198.0
18564,7.0,186.0
12817,8.0,18.0
35634,1.0,170.0
19614,1.0,9.0
78901,1.0,21.0
32564,7.0,33.0
14521,7.0,44.0
13493,8.0,2.0
16429,1.0,185.0
68337,9.0,39.0
78086,1.0,213.0
22249,7.0,193.0
35122,1.0,161.0
23871,1.0,20.0
67022,9.0,39.0
29222,1.0,32.0
28116,1.0,194.0
78192,1.0,213.0
17724,7.0,186.0
82353,1.0,235.0
30384,7.0,33.0
84146,1.0,221.0
90195,1.0,223.0
73807,1.0,219.0
32186,1.0,33.0
18346,7.0,186.0
14531,7.0,44.0
22665,1.0,20.0
26749,1.0,25.0
89241,1.0,18.0
77878,1.0,213.0
87627,1.0,218.0
26511,1.0,23.0
24265,1.0,20.0
28188,9.0,195.0
93442,1.0,218.0
28898,1.0,30.0
87203,1.0,247.0
13351,8.0,2.0
23365,1.0,20.0
82535,1.0,236.0
85138,1.0,29.0
90451,1.0,270.0
22013,7.0,98.0
69949,8.0,27.0
87139,1.0,176.0
31852,7.0,33.0
78981,1.0,21.0
9943,1.0,176.0
85290,1.0,29.0
69110,7.0,15.0
33994,1.0,156.0
75526,1.0,7.0
88625,1.0,252.0
105650,1.0,226.0
16167,1.0,185.0
68109,9.0,39.0
26631,1.0,23.0
69338,7.0,207.0
79943,1.0,21.0
28252,5.0,196.0
79877,1.0,21.0
67337,1.0,10.0
83464,1.0,7.0
19894,1.0,9.0
27121,1.0,25.0
31212,20.0,33.0
16525,1.0,185.0
23705,1.0,20.0
17314,7.0,186.0
68942,7.0,15.0
113329,1.0,9.0
16831,7.0,186.0
12527,6.0,18.0
16909,7.0,186.0
27365,1.0,25.0
71536,1.0,165.0
28314,5.0,196.0
35496,1.0,165.0
84188,1.0,221.0
18244,7.0,186.0
79435,5.0,21.0
23343,1.0,20.0
20897,7.0,76.0
21391,1.0,191.0
12772,8.0,18.0
15123,7.0,44.0
22325,7.0,110.0
22765,1.0,20.0
85478,1.0,29.0
82127,1.0,235.0
34534,1.0,161.0
15083,7.0,44.0
15061,7.0,44.0
36574,1.0,38.0
70976,1.0,140.0
83941,1.0,78.0
81029,1.0,228.0
111505,1.0,174.0
13279,7.0,2.0
26519,1.0,23.0
17752,7.0,186.0
70380,7.0,19.0
104458,1.0,228.0
82227,1.0,235.0
90187,1.0,218.0
108449,1.0,18.0
86035,1.0,240.0
93562,1.0,78.0
77428,1.0,227.0
26497,1.0,23.0
84668,1.0,244.0
78325,1.0,213.0
15727,7.0,44.0
86595,1.0,218.0
92135,1.0,176.0
18908,7.0,186.0
66442,7.0,186.0
27085,1.0,25.0
29884,7.0,33.0
22141,7.0,98.0
32908,20.0,33.0
106020,1.0,226.0
113569,1.0,18.0
76741,1.0,7.0
74756,1.0,7.0
69750,8.0,27.0
73423,1.0,213.0
18912,7.0,186.0
89672,1.0,270.0
89534,1.0,234.0
74082,7.0,217.0
25027,1.0,20.0
78977,1.0,21.0
82757,1.0,50.0
35096,1.0,161.0
29404,20.0,33.0
87641,1.0,218.0
82857,1.0,50.0
90621,1.0,176.0
66148,7.0,2.0
92485,1.0,229.0
19463,2.0,9.0
69365,8.0,27.0
82747,1.0,50.0
13331,1.0,2.0
35746,1.0,170.0
19602,1.0,9.0
25099,1.0,20.0
23403,1.0,20.0
33900,7.0,199.0
31990,18.0,33.0
22027,7.0,98.0
9427,1.0,9.0
107960,1.0,267.0
15813,7.0,44.0
30214,7.0,33.0
18190,7.0,186.0
30344,7.0,33.0
30032,7.0,33.0
92117,1.0,176.0
36416,1.0,170.0
85206,1.0,29.0
33364,1.0,198.0
75730,1.0,7.0
72639,1.0,137.0
16095,1.0,185.0
84470,1.0,221.0
13227,7.0,2.0
86731,1.0,176.0
78833,5.0,21.0
22011,7.0,98.0
86357,1.0,247.0
25165,1.0,20.0
21917,7.0,98.0
16183,1.0,185.0
77794,1.0,227.0
10336,1.0,176.0
27828,1.0,126.0
32266,1.0,33.0
89348,1.0,218.0
83462,1.0,7.0
82441,1.0,214.0
16799,7.0,186.0
12741,8.0,18.0
30696,20.0,33.0
8667,1.0,172.0
68857,7.0,15.0
16865,7.0,186.0
82901,1.0,214.0
21301,7.0,76.0
92680,1.0,227.0
35068,1.0,161.0
24679,1.0,20.0
74966,1.0,7.0
86521,1.0,247.0
24051,1.0,20.0
15019,7.0,44.0
15547,7.0,44.0
77734,1.0,227.0
23863,1.0,20.0
75634,1.0,7.0
29622,9.0,33.0
81740,1.0,235.0
31864,7.0,33.0
82111,1.0,235.0
68689,8.0,6.0
26573,1.0,23.0
37036,1.0,38.0
25005,1.0,20.0
78235,1.0,7.0
80515,1.0,21.0
15877,1.0,185.0
30286,7.0,33.0
89249,7.0,18.0
34940,1.0,161.0
108425,1.0,7.0
17498,7.0,186.0
29828,7.0,33.0
89724,1.0,213.0
92403,1.0,229.0
17694,7.0,186.0
85120,1.0,29.0
13991,7.0,44.0
17110,7.0,186.0
28028,1.0,194.0
29528,9.0,33.0
76320,1.0,18.0
30428,7.0,33.0
18690,7.0,186.0
22165,1.0,193.0
113712,1.0,18.0
32854,20.0,33.0
76950,1.0,7.0
33756,5.0,198.0
90044,1.0,218.0
80719,1.0,213.0
27746,1.0,25.0
84242,1.0,221.0
84890,1.0,29.0
15251,7.0,44.0
16113,1.0,185.0
78801,1.0,21.0
71042,7.0,208.0
74055,1.0,214.0
18642,7.0,186.0
68457,7.0,39.0
71302,9.0,211.0
78403,1.0,21.0
31762,7.0,33.0
85340,1.0,29.0
23847,1.0,20.0
15103,7.0,44.0
17296,7.0,186.0
107962,1.0,267.0
73893,1.0,219.0
28274,5.0,196.0
106078,1.0,226.0
12494,1.0,18.0
16029,1.0,185.0
27279,1.0,25.0
14647,7.0,44.0
86445,1.0,247.0
68752,8.0,6.0
25015,2.0,20.0
22783,1.0,20.0
8762,1.0,18.0
25989,1.0,23.0
17013,7.0,186.0
14789,7.0,44.0
28788,1.0,30.0
25619,1.0,23.0
84646,1.0,221.0
80129,1.0,229.0
83546,1.0,7.0
28568,1.0,30.0
22583,1.0,20.0
17450,7.0,186.0
12754,8.0,18.0
77252,1.0,227.0
77538,1.0,227.0
20481,7.0,67.0
36580,1.0,38.0
71325,9.0,211.0
85979,1.0,245.0
20231,1.0,10.0
33914,7.0,199.0
85056,1.0,29.0
24311,1.0,20.0
85644,1.0,29.0
79855,1.0,21.0
34610,1.0,161.0
69591,8.0,27.0
75438,1.0,7.0
34886,1.0,161.0
36456,1.0,170.0
20951,7.0,76.0
69212,7.0,15.0
76639,1.0,18.0
89049,1.0,253.0
14951,7.0,44.0
93536,1.0,216.0
10781,1.0,18.0
77316,1.0,227.0
78865,5.0,21.0
78030,1.0,176.0
66241,7.0,44.0
18412,7.0,186.0
9871,1.0,9.0
14751,7.0,44.0
76052,2.0,18.0
23071,1.0,20.0
34282,1.0,160.0
20721,9.0,188.0
15195,7.0,44.0
83594,1.0,7.0
16725,7.0,186.0
18638,7.0,186.0
106040,1.0,226.0
87257,1.0,176.0
92055,1.0,176.0
82723,1.0,237.0
36908,2.0,38.0
26665,1.0,25.0
14843,7.0,44.0
8980,1.0,18.0
68001,9.0,39.0
36672,1.0,38.0
32046,18.0,33.0
107972,1.0,267.0
13337,1.0,2.0
17576,7.0,186.0
30612,20.0,33.0
20249,7.0,67.0
81575,1.0,213.0
17970,7.0,186.0
34196,1.0,156.0
16351,1.0,185.0
68373,7.0,39.0
112455,1.0,269.0
31300,20.0,33.0
72699,1.0,137.0
11331,1.0,18.0
14597,7.0,44.0
14149,7.0,44.0
31320,20.0,33.0
28970,1.0,32.0
84520,1.0,221.0
9171,1.0,9.0
31696,18.0,33.0
21205,7.0,76.0
71269,7.0,210.0
70111,1.0,18.0
89490,1.0,18.0
35108,1.0,161.0
30096,7.0,33.0
23469,1.0,20.0
14217,7.0,44.0
77190,1.0,7.0
29866,7.0,33.0
93014,1.0,270.0
27317,1.0,25.0
12761,8.0,18.0
24969,1.0,20.0
112805,1.0,7.0
83182,1.0,176.0
35806,1.0,170.0
13257,7.0,2.0
24991,1.0,20.0
111217,1.0,174.0
76798,1.0,7.0
11645,1.0,18.0
25893,1.0,23.0
80815,1.0,213.0
111503,1.0,174.0
79695,1.0,21.0
105928,1.0,226.0
91839,1.0,176.0
86643,1.0,234.0
82655,1.0,237.0
83700,1.0,7.0
13073,8.0,2.0
13175,7.0,2.0
32730,7.0,33.0
11023,1.0,18.0
72138,5.0,196.0
17328,7.0,186.0
32166,1.0,33.0
31082,9.0,33.0
74636,1.0,7.0
76278,1.0,224.0
84822,1.0,29.0
78499,1.0,21.0
33806,1.0,198.0
83340,1.0,214.0
113502,1.0,18.0
81964,1.0,214.0
77616,1.0,227.0
111815,1.0,36.0
68969,6.0,15.0
30232,7.0,33.0
24615,1.0,20.0
83538,1.0,7.0
84400,1.0,221.0
15147,7.0,44.0
92614,1.0,176.0
91371,1.0,270.0
75716,1.0,7.0
92019,1.0,176.0
82523,1.0,236.0
81830,1.0,235.0
19394,7.0,186.0
29308,1.0,32.0
31994,18.0,33.0
24897,1.0,20.0
78040,1.0,176.0
8485,1.0,179.0
34544,1.0,161.0
86797,1.0,247.0
103025,1.0,7.0
77492,1.0,227.0
26347,1.0,23.0
14415,7.0,44.0
77408,1.0,227.0
73447,1.0,213.0
25411,1.0,20.0
9656,1.0,18.0
102631,1.0,65.0
69014,7.0,15.0
90487,1.0,176.0
77162,3.0,7.0
113339,1.0,9.0
13427,7.0,2.0
68770,7.0,15.0
75068,1.0,7.0
82387,1.0,235.0
21627,6.0,98.0
85744,1.0,29.0
28130,1.0,194.0
22681,1.0,20.0
8631,1.0,85.0
80455,1.0,229.0
23643,2.0,20.0
73923,1.0,219.0
89206,1.0,243.0
20029,1.0,9.0
27586,1.0,25.0
18328,7.0,186.0
35162,1.0,165.0
18528,7.0,186.0
13505,7.0,2.0
16267,1.0,185.0
76459,1.0,18.0
112521,1.0,269.0
70969,1.0,23.0
84620,1.0,50.0
25565,1.0,23.0
28312,5.0,196.0
35684,1.0,170.0
31822,7.0,33.0
26543,1.0,23.0
9891,1.0,18.0
34594,1.0,161.0
111243,1.0,174.0
89582,1.0,176.0
36308,1.0,170.0
88563,1.0,252.0
87873,1.0,251.0
34054,1.0,156.0
72186,5.0,196.0
73719,1.0,219.0
25245,1.0,20.0
14483,7.0,44.0
9694,1.0,9.0
28056,1.0,194.0
30054,7.0,33.0
93200,1.0,229.0
74009,1.0,219.0
83516,1.0,7.0
31072,9.0,33.0
13813,7.0,44.0
78713,1.0,21.0
20229,1.0,10.0
88471,1.0,213.0
92974,1.0,218.0
89692,1.0,213.0
68298,9.0,39.0
80755,1.0,230.0
69829,8.0,27.0
32470,20.0,33.0
86379,1.0,247.0
34680,1.0,161.0
9076,1.0,18.0
29080,1.0,32.0
21331,7.0,76.0
9122,1.0,18.0
88315,1.0,18.0
20473,7.0,67.0
19896,1.0,9.0
106112,1.0,226.0
30262,7.0,33.0
36216,1.0,170.0
9955,1.0,18.0
26677,1.0,25.0
86743,1.0,176.0
85278,1.0,29.0
85474,1.0,29.0
16855,7.0,186.0
76866,1.0,7.0
75378,1.0,7.0
35910,1.0,170.0
30494,7.0,33.0
20157,1.0,10.0
28214,5.0,196.0
86793,1.0,247.0
21717,7.0,98.0
25061,1.0,20.0
78521,1.0,21.0
85044,1.0,29.0
90865,1.0,254.0
13121,1.0,2.0
24135,1.0,20.0
30596,7.0,33.0
73571,1.0,219.0
82018,1.0,235.0
86741,1.0,176.0
17766,7.0,186.0
35544,2.0,36.0
18618,7.0,186.0
90583,1.0,176.0
106968,1.0,226.0
33218,1.0,198.0
67824,7.0,39.0
79697,1.0,21.0
79147,2.0,21.0
32562,7.0,33.0
80681,1.0,218.0
15807,7.0,44.0
24961,1.0,20.0
81838,1.0,235.0
23663,2.0,20.0
32504,7.0,33.0
22139,9.0,98.0
12776,8.0,18.0
72180,5.0,196.0
80658,3.1292879110480247,7.0
89716,1.0,213.0
82611,1.0,236.0
84362,1.0,221.0
24559,1.0,20.0
70711,8.0,27.0
17394,7.0,186.0
30858,9.0,33.0
90459,1.0,270.0
68309,9.0,39.0
29984,7.0,33.0
76469,1.0,18.0
74019,1.0,219.0
10109,1.0,18.0
23163,1.0,20.0
91973,1.0,176.0
27019,1.0,25.0
87533,1.0,249.0
25035,1.0,20.0
24711,1.0,20.0
18440,7.0,186.0
15487,7.0,44.0
85840,1.0,270.0
24543,2.0,20.0
12736,8.0,18.0
72563,1.0,137.0
81972,1.0,235.0
18466,7.0,186.0
18240,7.0,186.0
104452,1.0,228.0
111525,1.0,174.0
88589,1.0,252.0
111547,1.0,174.0
85444,1.0,29.0
34218,1.0,156.0
10459,1.0,18.0
87697,1.0,218.0
73587,1.0,219.0
19416,7.0,186.0
82890,1.0,214.0
19857,1.0,9.0
36750,1.0,38.0
67145,7.0,39.0
17928,7.0,186.0
22607,3.0,20.0
32856,20.0,33.0
15521,7.0,44.0
86753,1.0,176.0
31670,18.0,33.0
84268,1.0,221.0
28768,1.0,30.0
105794,1.0,226.0
87615,7.0,249.0
14891,7.0,44.0
93440,1.0,218.0
81495,1.0,213.0
35818,1.0,170.0
93292,1.0,229.0
14917,7.0,44.0
30994,9.0,33.0
21481,7.0,98.0
84568,1.0,221.0
74586,1.0,7.0
73715,1.0,219.0
71215,7.0,210.0
85326,1.0,29.0
15515,7.0,44.0
26155,1.0,23.0
82281,1.0,214.0
73557,1.0,214.0
11685,1.0,18.0
21889,7.0,98.0
86023,1.0,240.0
72548,1.0,137.0
20447,7.0,67.0
30604,7.0,33.0
29658,20.0,33.0
30454,7.0,33.0
9785,1.0,18.0
69158,7.0,15.0
113494,1.0,18.0
22389,7.0,110.0
92638,1.0,227.0
82647,1.0,236.0
17412,7.0,186.0
10356,1.0,176.0
13919,7.0,44.0
83590,1.0,7.0
34492,1.0,161.0
90804,1.0,213.0
78751,1.0,21.0
34606,1.0,161.0
18920,7.0,186.0
82149,1.0,235.0
93420,1.0,218.0
34470,1.0,161.0
82245,1.0,235.0
8513,1.0,74.0
15691,7.0,44.0
67573,7.0,39.0
83684,1.0,7.0
92539,1.0,229.0
35168,1.0,165.0
82599,1.0,236.0
70513,7.0,19.0
24803,1.0,20.0
86535,1.0,247.0
9743,1.0,9.0
80597,1.0,7.0
32514,7.0,33.0
22193,7.0,193.0
77230,7.0,226.0
24169,1.0,20.0
8826,1.0,18.0
31788,7.0,33.0
22737,1.0,20.0
37060,1.0,38.0
78230,1.0,213.0
14169,7.0,44.0
30550,7.0,33.0
82044,1.0,214.0
103085,1.0,7.0
29130,1.0,32.0
78361,1.0,21.0
72470,1.0,137.0
81400,1.0,232.0
30622,20.0,33.0
14595,7.0,44.0
12275,1.0,18.0
76308,1.0,18.0
88213,1.0,78.0
22453,7.0,110.0
75818,1.0,219.0
29448,9.0,33.0
72343,5.0,196.0
49591,8.0,27.0
12510,2.0,18.0
24987,1.0,20.0
68556,6.0,206.0
27423,1.0,25.0
68806,7.0,15.0
21317,7.0,76.0
36806,1.0,38.0
93526,1.0,216.0
92099,1.0,176.0
113174,1.0,7.0
81730,1.0,235.0
21589,6.0,98.0
32338,1.0,33.0
25615,1.0,23.0
10978,1.0,18.0
80287,1.0,229.0
33256,1.0,198.0
85098,1.0,29.0
36092,1.0,170.0
83768,1.0,7.0
20727,9.0,188.0
90645,1.0,176.0
67964,1.0,10.0
17630,7.0,186.0
20605,7.0,67.0
78779,1.0,21.0
75382,1.0,7.0
17616,7.0,186.0
19182,7.0,186.0
86807,1.0,218.0
84686,1.0,29.0
29890,7.0,33.0
23339,1.0,20.0
82803,1.0,50.0
92105,1.0,176.0
76102,1.0,7.0
92235,1.0,66.0
91813,1.0,176.0
28700,1.0,30.0
14107,7.0,44.0
25119,1.0,20.0
15271,7.0,44.0
74334,1.0,219.0
14767,7.0,44.0
10454,1.0,18.0
73763,1.0,219.0
33968,1.0,156.0
16631,1.0,185.0
74522,1.0,216.0
16919,7.0,186.0
8563,1.0,182.0
82821,1.0,50.0
34456,1.0,161.0
83092,1.0,78.0
102649,1.0,7.0
73773,1.0,219.0
106772,1.0,226.0
17316,7.0,186.0
103053,1.0,7.0
14153,7.0,44.0
71936,1.0,36.0
22577,1.0,20.0
22759,1.0,20.0
103035,1.0,7.0
70446,7.0,19.0
29454,9.0,33.0
21591,6.0,98.0
26735,1.0,25.0
72274,5.0,196.0
79535,1.0,21.0
13691,7.0,184.0
13643,1.0,137.0
9193,1.0,18.0
10038,1.0,18.0
9050,1.0,18.0
70732,8.0,27.0
22909,1.0,20.0
105764,1.0,226.0
21255,7.0,76.0
80485,1.0,229.0
37146,1.0,38.0
23937,1.0,20.0
86517,1.0,247.0
74574,1.0,216.0
31234,20.0,33.0
92061,1.0,176.0
71331,9.0,211.0
30052,7.0,33.0
73779,1.0,219.0
82807,1.0,50.0
33764,1.0,198.0
17310,7.0,186.0
89039,1.0,253.0
34862,1.0,161.0
79617,1.0,21.0
84228,1.0,221.0
25705,1.0,23.0
87731,1.0,244.0
20935,7.0,76.0
21355,7.0,76.0
31396,20.0,33.0
12455,6.0,18.0
73839,1.0,219.0
27996,1.0,194.0
32668,7.0,33.0
25021,3.0,20.0
25425,1.0,20.0
93600,1.0,78.0
9126,1.0,18.0
17344,7.0,186.0
35064,1.0,161.0
17538,7.0,186.0
81509,1.0,214.0
66154,8.0,2.0
68019,9.0,39.0
84404,1.0,221.0
32880,20.0,33.0
25661,1.0,23.0
86263,1.0,247.0
76934,1.0,7.0
15135,7.0,44.0
11652,1.0,18.0
79315,1.0,21.0
69856,8.0,27.0
81525,1.0,234.0
108583,1.0,65.0
24201,1.0,20.0
21229,7.0,76.0
105602,1.0,226.0
25199,1.0,20.0
22575,1.0,20.0
89350,1.0,218.0
21231,7.0,76.0
28566,1.0,30.0
76362,1.0,18.0
32054,7.0,33.0
16887,7.0,186.0
71173,7.0,210.0
24573,1.0,20.0
74792,1.0,7.0
68051,1.0,10.0
34560,1.0,161.0
79463,2.0,21.0
79087,1.0,21.0
32292,1.0,33.0
87531,1.0,249.0
105838,1.0,226.0
21385,1.0,191.0
15091,7.0,44.0
34276,1.0,160.0
31164,7.0,33.0
71191,7.0,210.0
18548,7.0,186.0
35632,1.0,170.0
81023,3.0,228.0
31138,9.0,33.0
81802,1.0,235.0
23509,1.0,20.0
8533,1.0,177.0
69047,7.0,15.0
15769,7.0,44.0
28106,1.0,194.0
85914,1.0,176.0
9445,1.0,9.0
72246,5.0,196.0
21539,6.0,98.0
26973,1.0,25.0
87635,1.0,176.0
88085,1.0,251.0
26885,1.0,25.0
31044,9.0,33.0
22581,1.0,20.0
33054,20.0,33.0
35838,1.0,170.0
15785,7.0,44.0
16833,7.0,186.0
18736,7.0,186.0
10438,1.0,18.0
17176,7.0,186.0
30474,7.0,33.0
82465,1.0,236.0
30274,7.0,33.0
21793,7.0,98.0
78381,1.0,21.0
93862,1.0,229.0
108531,1.0,65.0
67121,9.0,39.0
89091,1.0,213.0
79159,2.0,21.0
85082,1.0,29.0
79389,1.0,21.0
83748,1.0,7.0
86493,1.0,247.0
34016,1.0,156.0
24905,1.0,20.0
104641,1.0,248.0
78883,1.0,21.0
22009,7.0,98.0
32542,7.0,33.0
24357,3.0,20.0
31206,20.0,33.0
18538,7.0,186.0
24705,1.0,20.0
70006,8.0,27.0
87309,1.0,176.0
74184,1.0,219.0
102343,1.0,65.0
21813,6.0,98.0
27908,3.0,194.0
79577,1.0,21.0
78339,1.0,213.0
111593,2.0,174.0
72533,1.0,137.0
104521,1.0,228.0
66436,6.0,186.0
92762,1.0,176.0
75498,1.0,7.0
15463,7.0,44.0
31460,20.0,33.0
14257,7.0,44.0
17880,7.0,186.0
90421,1.0,270.0
29422,9.0,33.0
19473,2.0,9.0
85768,1.0,29.0
69227,7.0,15.0
29790,20.0,33.0
14557,7.0,44.0
19487,2.0,9.0
26145,1.0,23.0
93608,1.0,78.0
35552,1.0,36.0
34362,7.0,201.0
33522,1.0,198.0
77720,1.0,227.0
74302,1.0,219.0
32616,7.0,33.0
25803,1.0,23.0
24613,5.0,20.0
16771,7.0,186.0
18696,7.0,186.0
77318,1.0,227.0
32384,1.0,33.0
74960,1.0,7.0
9187,1.0,18.0
10603,1.0,1.0
79921,1.0,21.0
30492,18.0,33.0
18672,7.0,186.0
21413,1.0,191.0
13827,7.0,44.0
18656,7.0,186.0
70473,7.0,19.0
72382,1.0,137.0
29340,1.0,32.0
15481,7.0,44.0
26917,1.0,25.0
26319,1.0,23.0
69050,7.0,15.0
92606,1.0,234.0
16863,7.0,186.0
27329,1.0,25.0
80941,1.0,213.0
9388,1.0,9.0
86011,1.0,213.0
87289,1.0,176.0
26821,1.0,25.0
84962,1.0,29.0
108581,1.0,65.0
92097,1.0,176.0
9162,1.0,18.0
89556,1.0,176.0
20857,7.0,76.0
29288,1.0,32.0
19036,7.0,186.0
32766,7.0,33.0
12472,6.0,18.0
14769,7.0,44.0
104806,1.0,7.0
31558,20.0,33.0
12462,6.0,18.0
13617,1.0,137.0
87179,1.0,247.0
86081,1.0,240.0
17806,7.0,186.0
89542,1.0,176.0
12755,8.0,18.0
73565,1.0,214.0
68650,7.0,206.0
104804,1.0,7.0
24691,1.0,20.0
88583,1.0,252.0
14069,7.0,44.0
17596,7.0,186.0
78995,1.0,21.0
9046,1.0,18.0
31248,20.0,33.0
8539,1.0,177.0
74011,1.0,219.0
29772,20.0,33.0
24979,1.0,20.0
21453,7.0,98.0
88493,1.0,252.0
13135,8.0,2.0
19068,7.0,186.0
106840,1.0,226.0
87841,1.0,226.0
32984,20.0,33.0
27515,1.0,25.0
91110,1.0,213.0
12423,9.0,18.0
35184,1.0,165.0
73787,1.0,219.0
19545,1.0,9.0
79379,1.0,21.0
85426,1.0,29.0
82247,1.0,235.0
82167,1.0,235.0
79841,1.0,21.0
84574,1.0,50.0
33176,1.0,198.0
25207,1.0,20.0
10410,1.0,18.0
33540,1.0,198.0
106252,1.0,226.0
16411,1.0,185.0
82853,1.0,50.0
92590,1.0,234.0
20379,7.0,67.0
80487,1.0,229.0
9068,1.0,18.0
78198,1.0,213.0
102889,1.0,7.0
28874,1.0,30.0
13791,7.0,44.0
22245,7.0,193.0
19543,1.0,9.0
83863,1.0,242.0
19642,1.0,9.0
15743,7.0,44.0
10052,1.0,9.0
85360,1.0,29.0
24053,1.0,20.0
35628,1.0,170.0
21487,7.0,98.0
24497,1.0,20.0
24401,1.0,20.0
35656,1.0,170.0
24755,1.0,20.0
25471,1.0,23.0
21341,7.0,76.0
30154,7.0,33.0
93402,1.0,218.0
33370,1.0,198.0
78615,1.0,21.0
27728,1.0,25.0
15357,7.0,44.0
31584,20.0,33.0
80565,1.0,216.0
33122,20.0,33.0
30196,7.0,33.0
79397,1.0,21.0
79211,1.0,21.0
22339,7.0,110.0
80529,1.0,228.0
72434,1.0,137.0
28804,1.0,30.0
19220,7.0,186.0
79837,1.0,21.0
82423,1.0,235.0
84056,1.0,221.0
113376,1.0,18.0
20239,1.0,10.0
21915,7.0,98.0
18406,7.0,186.0
81878,1.0,213.0
34918,1.0,161.0
35126,1.0,165.0
85104,1.0,29.0
30394,7.0,33.0
69663,8.0,27.0
11321,1.0,18.0
22467,1.0,18.0
27461,1.0,25.0
27211,1.0,25.0
18010,7.0,186.0
20483,7.0,67.0
35478,1.0,165.0
9507,1.0,9.0
82591,1.0,236.0
76274,1.0,224.0
9197,1.0,18.0
35972,1.0,170.0
84080,1.0,221.0
29170,1.0,32.0
69269,6.0,207.0
16615,1.0,185.0
89730,1.0,213.0
32188,1.0,33.0
75406,1.0,7.0
17988,7.0,186.0
9253,1.0,18.0
33478,1.0,198.0
12425,6.0,18.0
82052,1.0,220.0
20199,1.0,10.0
27007,1.0,25.0
15175,7.0,44.0
30496,7.0,33.0
80327,1.0,229.0
12500,1.0,18.0
69137,7.0,15.0
22973,1.0,20.0
104563,1.0,7.0
14571,7.0,44.0
81281,1.0,232.0
87407,1.0,226.0
15645,7.0,44.0
69853,8.0,27.0
14237,7.0,44.0
19644,1.0,9.0
17532,7.0,186.0
9471,1.0,9.0
111673,1.0,174.0
31514,20.0,33.0
18222,7.0,186.0
89406,1.0,218.0
24177,1.0,20.0
78281,1.0,78.0
90965,1.0,78.0
106144,1.0,226.0
26685,1.0,25.0
108671,1.0,65.0
34894,1.0,161.0
23743,1.0,20.0
18798,7.0,186.0
25393,1.0,20.0
19507,1.0,9.0
83236,1.0,240.0
23107,1.0,20.0
111811,1.0,36.0
10948,1.0,18.0
68029,1.0,10.0
70650,8.0,27.0
66415,7.0,186.0
21073,7.0,76.0
82159,1.0,235.0
84182,1.0,221.0
17462,7.0,186.0
67493,1.0,10.0
75158,1.0,7.0
14875,7.0,44.0
91897,1.0,176.0
29542,20.0,33.0
33922,7.0,199.0
24035,1.0,20.0
80411,1.0,229.0
73911,1.0,219.0
16933,7.0,186.0
74326,1.0,219.0
82365,1.0,235.0
67715,1.0,10.0
23093,1.0,20.0
81728,1.0,235.0
11114,1.0,18.0
26607,1.0,23.0
80575,1.0,216.0
83626,1.0,7.0
90737,1.0,213.0
86217,1.0,176.0
92071,1.0,176.0
28152,7.0,194.0
30914,9.0,33.0
32378,1.0,33.0
35204,1.0,165.0
23687,1.0,20.0
86617,1.0,218.0
16137,1.0,185.0
21349,7.0,76.0
85190,1.0,29.0
24121,1.0,20.0
75864,1.0,270.0
79255,1.0,21.0
12419,6.0,18.0
25799,1.0,23.0
23665,1.0,20.0
93006,1.0,270.0
24533,1.0,20.0
82249,1.0,235.0
32568,7.0,33.0
78351,1.0,213.0
82637,1.0,236.0
22547,1.0,20.0
103059,1.0,7.0
74066,1.0,214.0
29046,1.0,32.0
37086,1.0,38.0
25299,1.0,20.0
13243,7.0,2.0
93630,1.0,218.0
33146,1.0,198.0
85608,1.0,29.0
85416,1.0,29.0
22721,1.0,20.0
34520,1.0,161.0
12796,8.0,18.0
86061,1.0,240.0
16283,1.0,185.0
14731,7.0,44.0
35690,1.0,170.0
19529,1.0,9.0
18456,7.0,186.0
111407,1.0,174.0
69841,8.0,27.0
24571,1.0,20.0
89580,1.0,176.0
9901,1.0,9.0
89767,1.0,176.0
23423,1.0,20.0
26657,1.0,25.0
78495,1.0,21.0
25873,1.0,23.0
83240,1.0,240.0
92109,1.0,176.0
21251,7.0,76.0
17814,7.0,186.0
104118,1.0,7.0
22859,1.0,20.0
85274,1.0,29.0
77462,1.0,227.0
26141,1.0,23.0
30614,20.0,33.0
14853,7.0,44.0
69098,7.0,15.0
71152,7.0,210.0
19923,1.0,9.0
16489,1.0,185.0
20949,7.0,76.0
72464,1.0,137.0
90571,1.0,234.0
103027,1.0,7.0
22989,1.0,20.0
104466,1.0,228.0
72415,1.0,137.0
80555,1.0,213.0
106030,1.0,226.0
22843,1.0,20.0
24149,1.0,20.0
17812,7.0,186.0
28594,1.0,30.0
17710,7.0,186.0
35128,1.0,165.0
68496,6.0,206.0
23939,1.0,20.0
68195,1.0,10.0
18634,7.0,186.0
108575,1.0,65.0
9405,1.0,9.0
27900,1.0,194.0
11306,1.0,18.0
23557,2.0,20.0
19535,2.0,9.0
71048,7.0,208.0
23993,1.0,20.0
89172,1.0,243.0
81257,1.0,214.0
14735,7.0,44.0
78817,1.0,21.0
28472,1.0,30.0
84838,1.0,29.0
18116,7.0,186.0
105882,1.0,226.0
20705,7.0,67.0
24057,3.0,20.0
68276,1.0,10.0
31242,20.0,33.0
19264,7.0,186.0
19829,1.0,9.0
21957,7.0,98.0
35258,1.0,165.0
18566,7.0,186.0
27025,1.0,25.0
111701,2.0,174.0
79865,1.0,21.0
34942,1.0,161.0
17600,7.0,186.0
10766,1.0,18.0
30266,7.0,33.0
18446,7.0,186.0
20519,7.0,67.0
26049,1.0,23.0
32802,7.0,33.0
21601,6.0,98.0
30544,18.0,33.0
72331,5.0,196.0
83122,1.0,50.0
22459,7.0,110.0
93570,1.0,7.0
76661,1.0,18.0
77100,1.0,7.0
106936,1.0,226.0
28588,1.0,30.0
105946,1.0,226.0
92738,1.0,18.0
16683,7.0,186.0
89750,1.0,213.0
30892,9.0,33.0
92165,1.0,216.0
9995,1.0,18.0
102742,1.0,7.0
27257,1.0,25.0
27097,1.0,25.0
21309,7.0,76.0
74218,1.0,219.0
34920,1.0,161.0
70971,1.0,140.0
70170,1.0,18.0
13955,7.0,44.0
70684,8.0,27.0
83766,1.0,7.0
23481,1.0,20.0
33202,1.0,198.0
22871,1.0,20.0
32122,1.0,33.0
28968,1.0,32.0
71051,7.0,208.0
76086,1.0,7.0
22423,7.0,110.0
71039,7.0,208.0
22799,1.0,20.0
23925,1.0,20.0
83504,1.0,7.0
28766,1.0,30.0
30634,20.0,33.0
68893,7.0,15.0
21313,7.0,76.0
83224,1.0,240.0
74128,1.0,219.0
20321,7.0,67.0
12766,8.0,18.0
91971,1.0,176.0
35512,1.0,36.0
87159,1.0,176.0
85588,1.0,29.0
9981,1.0,18.0
103256,1.0,7.0
26305,1.0,23.0
81956,1.0,214.0
75028,1.0,7.0
31660,18.0,33.0
35250,1.0,165.0
101913,1.0,228.0
15475,7.0,44.0
28470,1.0,30.0
86349,1.0,247.0
83354,1.0,214.0
87717,1.0,176.0
78971,1.0,21.0
14029,7.0,44.0
18320,7.0,186.0
17548,7.0,186.0
92417,1.0,229.0
103033,1.0,7.0
70653,8.0,27.0
87167,1.0,176.0
93268,1.0,229.0
75654,1.0,7.0
78799,1.0,21.0
19632,1.0,9.0
31088,9.0,33.0
78897,1.0,21.0
85404,1.0,29.0
28456,1.0,30.0
106264,1.0,226.0
89522,1.0,176.0
35776,1.0,170.0
105886,1.0,226.0
87789,1.0,239.0
14815,7.0,44.0
78409,1.0,21.0
84262,1.0,221.0
69470,8.0,27.0
106136,1.0,226.0
80849,1.0,213.0
106022,1.0,226.0
28134,7.0,194.0
32394,1.0,33.0
78777,1.0,21.0
26551,1.0,23.0
21003,7.0,76.0
75034,1.0,7.0
27654,1.0,25.0
20987,7.0,76.0
102899,1.0,7.0
25221,1.0,20.0
75248,1.0,7.0
11694,1.0,18.0
80923,1.0,213.0
84484,1.0,221.0
9844,1.0,9.0
79151,1.0,21.0
32690,7.0,33.0
9114,1.0,18.0
18816,7.0,186.0
26081,1.0,23.0
69329,7.0,207.0
21991,7.0,98.0
15441,7.0,44.0
70470,7.0,19.0
75434,1.0,7.0
85224,1.0,29.0
10947,1.0,18.0
75922,1.0,176.0
10029,1.0,18.0
27063,1.0,25.0
16769,7.0,186.0
76340,2.0,18.0
29972,7.0,33.0
89430,1.0,234.0
16829,7.0,186.0
76770,1.0,7.0
24527,1.0,20.0
72065,1.0,126.0
28696,1.0,30.0
18262,7.0,186.0
14083,7.0,44.0
90633,1.0,176.0
17170,7.0,186.0
13347,1.0,2.0
80937,1.0,213.0
35338,1.0,165.0
77186,1.0,7.0
81129,1.0,228.0
81766,1.0,235.0
104793,1.0,7.0
78497,1.0,21.0
83606,1.0,7.0
81798,1.0,235.0
21287,7.0,76.0
16641,1.0,185.0
15343,6.0,44.0
26843,1.0,25.0
32800,7.0,33.0
14713,7.0,44.0
35662,1.0,170.0
20477,7.0,67.0
113201,1.0,7.0
25735,1.0,23.0
23635,2.0,20.0
22439,7.0,110.0
113475,1.0,18.0
29744,12.0,33.0
70717,8.0,27.0
13849,6.0,44.0
36458,1.0,170.0
106940,1.0,226.0
31610,20.0,33.0
18934,7.0,186.0
16911,7.0,186.0
78375,1.0,21.0
74828,1.0,7.0
71170,7.0,210.0
23041,1.0,20.0
18356,7.0,186.0
84336,1.0,221.0
30234,7.0,33.0
25757,1.0,23.0
81458,1.0,220.0
30174,7.0,33.0
32674,7.0,33.0
17846,7.0,186.0
19404,7.0,186.0
19578,1.0,9.0
71197,7.0,210.0
16621,1.0,185.0
76228,1.0,224.0
71027,1.0,140.0
80367,1.0,229.0
92966,1.0,176.0
83968,1.0,78.0
35310,1.0,165.0
66187,7.0,44.0
68899,7.0,15.0
91128,1.0,213.0
25059,1.0,20.0
91909,1.0,176.0
9805,1.0,18.0
70323,7.0,19.0
13869,7.0,44.0
31054,9.0,33.0
108439,1.0,18.0
9251,1.0,18.0
27031,1.0,25.0
25743,1.0,23.0
80231,1.0,229.0
29384,1.0,32.0
25907,1.0,23.0
26693,1.0,25.0
85366,1.0,29.0
12241,1.0,18.0
9623,1.0,18.0
14229,7.0,44.0
86347,1.0,247.0
22051,7.0,98.0
31032,9.0,33.0
19134,7.0,186.0
74890,1.0,7.0
70933,1.0,140.0
77490,1.0,227.0
85704,1.0,29.0
35750,1.0,170.0
22243,7.0,193.0
15791,7.0,44.0
21095,7.0,76.0
36142,1.0,170.0
19286,7.0,186.0
68746,8.0,6.0
79533,1.0,21.0
106236,1.0,226.0
21159,7.0,76.0
34760,1.0,161.0
23957,1.0,20.0
72406,1.0,137.0
13441,7.0,2.0
34876,1.0,161.0
110631,1.0,174.0
18068,7.0,186.0
8776,1.0,18.0
34360,7.0,201.0
15301,7.0,44.0
18738,7.0,186.0
87917,1.0,251.0
12784,8.0,18.0
15927,1.0,185.0
35962,1.0,170.0
19594,1.0,9.0
88361,1.0,239.0
85638,1.0,29.0
20595,7.0,67.0
86301,1.0,247.0
24049,1.0,20.0
19284,7.0,186.0
113695,1.0,18.0
34906,1.0,161.0
80199,1.0,229.0
35528,1.0,36.0
18200,7.0,186.0
15105,7.0,44.0
16361,1.0,185.0
24863,1.0,20.0
27606,1.0,25.0
83494,1.0,7.0
21527,6.0,98.0
33924,1.0,156.0
84610,1.0,50.0
75902,1.0,218.0
27341,1.0,25.0
23077,1.0,20.0
37202,1.0,38.0
16839,7.0,186.0
81750,1.0,235.0
26151,1.0,23.0
13215,1.0,2.0
93494,1.0,176.0
12493,1.0,18.0
32840,7.0,33.0
75292,1.0,7.0
17039,7.0,186.0
83865,1.0,242.0
68172,9.0,39.0
73399,1.0,213.0
20247,7.0,67.0
16513,1.0,185.0
34504,1.0,161.0
8954,1.0,18.0
10311,1.0,18.0
81039,1.0,228.0
93104,1.0,218.0
87849,1.0,251.0
29506,20.0,33.0
84884,1.0,29.0
27475,1.0,25.0
89097,1.0,213.0
67351,7.0,39.0
70209,7.0,19.0
80965,1.0,213.0
34750,1.0,161.0
73443,1.0,213.0
84256,1.0,221.0
30114,7.0,33.0
104669,1.0,248.0
22777,1.0,20.0
85150,1.0,29.0
77274,1.0,227.0
72086,1.0,194.0
106914,1.0,226.0
25521,1.0,23.0
14321,7.0,44.0
71588,1.0,25.0
33960,1.0,156.0
8591,1.0,155.0
84924,1.0,29.0
93888,1.0,241.0
25487,1.0,23.0
93572,1.0,7.0
85446,1.0,29.0
34528,1.0,161.0
79469,1.0,21.0
14547,7.0,44.0
92686,1.0,227.0
32184,1.0,33.0
31952,7.0,33.0
87547,1.0,249.0
77380,1.0,227.0
27391,1.0,25.0
29154,1.0,32.0
86427,1.0,247.0
74718,1.0,7.0
67866,9.0,39.0
12344,1.0,18.0
102694,1.0,7.0
79651,2.0,21.0
82263,1.0,220.0
108611,1.0,65.0
105660,1.0,226.0
31520,20.0,33.0
77330,1.0,227.0
87925,1.0,251.0
30794,20.0,33.0
74324,1.0,219.0
79109,1.0,21.0
72114,5.0,196.0
69434,8.0,27.0
69224,7.0,15.0
25877,1.0,23.0
16287,1.0,185.0
74880,1.0,216.0
37076,2.0,38.0
76707,1.0,7.0
74572,1.0,7.0
67295,1.0,10.0
91247,2.0,213.0
82739,1.0,50.0
9289,1.0,9.0
36314,1.0,170.0
80825,1.0,213.0
22879,1.0,20.0
35134,1.0,165.0
20073,1.0,9.0
86575,1.0,218.0
92267,1.0,176.0
10261,1.0,18.0
19505,1.0,9.0
74602,1.0,7.0
81694,1.0,214.0
24939,1.0,20.0
36102,1.0,170.0
34448,1.0,161.0
16749,7.0,186.0
108421,1.0,7.0
26535,1.0,23.0
17714,7.0,186.0
75482,1.0,7.0
16317,1.0,185.0
27239,1.0,25.0
28600,1.0,30.0
16841,7.0,186.0
10269,1.0,18.0
79551,1.0,21.0
25977,1.0,23.0
24069,1.0,20.0
78745,1.0,21.0
81896,1.0,235.0
74015,1.0,219.0
113354,1.0,10.0
30210,7.0,33.0
74786,1.0,7.0
29010,1.0,32.0
66418,7.0,186.0
10078,1.0,18.0
30156,7.0,33.0
92764,1.0,176.0
10534,1.0,1.0
21425,7.0,98.0
30688,20.0,33.0
104318,1.0,228.0
92373,1.0,229.0
87755,1.0,218.0
33108,20.0,33.0
27942,1.0,194.0
68842,7.0,15.0
17302,7.0,186.0
86413,1.0,247.0
27287,1.0,25.0
108661,1.0,65.0
15283,7.0,44.0
81666,1.0,214.0
79717,1.0,21.0
84128,1.0,221.0
102965,1.0,7.0
23709,1.0,20.0
16323,1.0,185.0
24449,1.0,20.0
79219,2.0,21.0
87557,1.0,249.0
67718,1.0,10.0
90619,1.0,176.0
28960,1.0,32.0
22375,7.0,110.0
69458,8.0,27.0
29430,9.0,33.0
80637,1.0,7.0
84422,1.0,221.0
13761,7.0,44.0
75176,1.0,7.0
84434,1.0,221.0
36842,1.0,38.0
14443,7.0,44.0
32944,20.0,33.0
81794,1.0,235.0
76142,1.0,7.0
20091,1.0,9.0
84282,1.0,221.0
15629,7.0,44.0
93722,1.0,176.0
29842,7.0,33.0
108597,1.0,65.0
26941,1.0,25.0
21913,7.0,98.0
83418,1.0,214.0
26947,1.0,25.0
106148,1.0,226.0
23205,1.0,20.0
90893,1.0,78.0
25415,1.0,20.0
23329,1.0,20.0
82357,1.0,235.0
31094,9.0,33.0
69994,8.0,27.0
35976,1.0,170.0
102895,1.0,7.0
75800,1.0,219.0
36650,1.0,38.0
30896,9.0,33.0
93674,1.0,7.0
74200,7.0,15.0
18220,7.0,186.0
79579,1.0,21.0
83069,1.0,176.0
67241,7.0,39.0
82016,1.0,235.0
72397,1.0,137.0
12786,8.0,18.0
79039,1.0,21.0
67696,1.0,10.0
35174,1.0,165.0
22757,1.0,20.0
28386,1.0,30.0
28370,1.0,30.0
86565,1.0,247.0
32096,1.0,33.0
81253,1.0,214.0
107276,1.0,226.0
21893,7.0,98.0
27990,1.0,194.0
70052,7.0,2.0
70179,6.0,19.0
30626,20.0,33.0
10179,3.0,18.0
75972,1.0,7.0
69248,1.0,108.0
28850,1.0,30.0
81551,1.0,213.0
36070,1.0,170.0
16533,1.0,185.0
29854,7.0,33.0
85548,1.0,29.0
82235,1.0,235.0
84380,1.0,221.0
17244,7.0,186.0
19499,2.0,9.0
11644,1.0,18.0
74300,1.0,219.0
74942,1.0,7.0
34484,1.0,161.0
17192,7.0,186.0
34956,1.0,161.0
79297,1.0,21.0
37110,2.0,38.0
29488,20.0,33.0
81061,1.0,228.0
93672,1.0,7.0
85997,1.0,245.0
79405,1.0,21.0
68412,7.0,39.0
89714,1.0,213.0
11667,1.0,18.0
30734,20.0,33.0
67730,1.0,10.0
80149,1.0,229.0
76629,1.0,18.0
68258,1.0,10.0
75686,1.0,7.0
77688,1.0,227.0
21937,7.0,98.0
25527,1.0,23.0
23293,1.0,20.0
81440,1.0,232.0
77478,1.0,227.0
26759,1.0,25.0
9670,1.0,9.0
18084,7.0,186.0
92588,1.0,176.0
24733,1.0,20.0
36288,1.0,170.0
35334,1.0,165.0
23653,1.0,20.0
20805,7.0,76.0
78741,1.0,21.0
22883,1.0,20.0
11676,1.0,18.0
34990,1.0,161.0
23961,1.0,20.0
18296,7.0,186.0
28798,1.0,30.0
35094,1.0,161.0
81986,1.0,235.0
32884,20.0,33.0
17822,7.0,186.0
69820,8.0,27.0
17606,7.0,186.0
34238,7.0,200.0
78126,1.0,176.0
85196,1.0,29.0
34420,1.0,161.0
26611,1.0,23.0
67970,1.0,10.0
81934,1.0,235.0
79919,1.0,21.0
24209,1.0,20.0
82861,1.0,176.0
27964,1.0,194.0
72367,7.0,204.0
82701,1.0,237.0
26705,1.0,25.0
27485,1.0,25.0
35450,1.0,165.0
82411,1.0,214.0
74972,1.0,7.0
86783,1.0,247.0
70831,8.0,27.0
84504,1.0,221.0
13543,1.0,2.0
13211,1.0,2.0
28664,1.0,30.0
25001,1.0,20.0
35924,1.0,170.0
113671,1.0,18.0
81850,1.0,235.0
8517,1.0,74.0
82693,1.0,237.0
91179,1.0,213.0
78621,1.0,21.0
20909,7.0,76.0
86585,1.0,218.0
15311,6.0,44.0
103368,1.0,65.0
76481,1.0,18.0
26329,1.0,23.0
67690,1.0,10.0
69901,8.0,27.0
21121,7.0,76.0
112429,1.0,269.0
15861,1.0,185.0
20391,7.0,67.0
82307,1.0,235.0
21703,6.0,98.0
22383,7.0,110.0
10114,1.0,18.0
88189,1.0,18.0
73567,1.0,214.0
91259,2.0,213.0
73895,1.0,219.0
32078,18.0,33.0
82951,1.0,214.0
16643,1.0,185.0
85266,1.0,29.0
27487,1.0,25.0
15497,7.0,44.0
14493,7.0,44.0
93424,1.0,218.0
87387,1.0,176.0
20893,7.0,76.0
37164,1.0,38.0
37204,1.0,38.0
19746,1.0,9.0
79385,1.0,21.0
36552,2.0,38.0
28234,5.0,196.0
21293,7.0,76.0
14397,7.0,44.0
73919,1.0,219.0
12434,6.0,18.0
20437,7.0,67.0
85428,1.0,29.0
13235,7.0,2.0
87903,1.0,251.0
27928,1.0,194.0
106692,1.0,226.0
93700,1.0,270.0
29954,7.0,33.0
70221,7.0,19.0
34432,1.0,161.0
67205,9.0,39.0
112451,1.0,269.0
82615,1.0,236.0
87201,1.0,247.0
84982,1.0,29.0
27343,1.0,25.0
82705,1.0,237.0
31682,18.0,33.0
36468,1.0,170.0
90481,1.0,176.0
35660,1.0,170.0
18958,7.0,186.0
81836,1.0,235.0
78473,1.0,21.0
83222,1.0,240.0
33528,1.0,198.0
36080,1.0,170.0
102720,1.0,7.0
113169,1.0,7.0
105586,2.0,226.0
14543,7.0,44.0
17820,7.0,186.0
19064,7.0,186.0
19813,1.0,9.0
17530,7.0,186.0
28294,5.0,196.0
15209,7.0,44.0
79233,1.0,21.0
12482,1.0,18.0
89174,1.0,243.0
77278,1.0,227.0
26387,1.0,23.0
18438,7.0,186.0
106214,1.0,226.0
26981,1.0,25.0
18936,7.0,186.0
108641,1.0,65.0
87157,1.0,176.0
13681,7.0,184.0
78285,1.0,213.0
88395,1.0,218.0
79545,2.0,21.0
24263,1.0,20.0
84328,1.0,221.0
23397,1.0,20.0
113718,1.0,18.0
80325,1.0,229.0
36136,1.0,170.0
87931,1.0,251.0
36334,1.0,170.0
82481,2.0,236.0
9112,1.0,18.0
73799,1.0,219.0
20375,7.0,67.0
68529,6.0,206.0
17114,7.0,186.0
103121,1.0,7.0
21651,6.0,98.0
102887,1.0,7.0
25925,1.0,23.0
30840,9.0,33.0
31978,18.0,33.0
13475,1.0,2.0
33894,7.0,199.0
27057,1.0,25.0
67034,7.0,39.0
30630,20.0,33.0
20465,7.0,67.0
18430,7.0,186.0
67052,9.0,39.0
21535,6.0,98.0
78216,1.0,213.0
25493,1.0,23.0
10019,1.0,18.0
66716,1.0,9.0
77922,1.0,213.0
73475,1.0,214.0
76256,1.0,224.0
91807,1.0,176.0
28162,7.0,194.0
77700,1.0,227.0
17524,7.0,186.0
93882,1.0,229.0
80137,1.0,229.0
28488,1.0,30.0
83260,1.0,240.0
83877,1.0,78.0
25921,1.0,23.0
16963,7.0,186.0
70347,7.0,19.0
93510,1.0,176.0
72612,1.0,137.0
75956,1.0,7.0
16397,1.0,185.0
79263,1.0,21.0
23153,1.0,20.0
93702,1.0,270.0
14215,7.0,44.0
35618,1.0,170.0
33840,1.0,198.0
19769,1.0,9.0
28554,1.0,30.0
77370,1.0,227.0
36712,1.0,38.0
17442,7.0,186.0
8940,1.0,18.0
14471,7.0,44.0
21749,6.0,98.0
81259,1.0,214.0
74192,1.0,219.0
73781,1.0,219.0
77216,7.0,226.0
71440,1.0,165.0
70356,7.0,19.0
85592,1.0,29.0
83480,1.0,7.0
82319,1.0,235.0
90303,1.0,18.0
9483,1.0,9.0
84290,1.0,221.0
9142,1.0,18.0
17592,7.0,186.0
71293,7.0,210.0
73419,1.0,213.0
36360,1.0,170.0
31954,18.0,33.0
30520,7.0,33.0
74482,1.0,7.0
15121,7.0,44.0
87597,1.0,249.0
35472,1.0,165.0
29004,1.0,32.0
102321,1.0,65.0
22755,1.0,20.0
14967,7.0,44.0
81732,1.0,235.0
88311,1.0,226.0
32846,7.0,33.0
104120,1.0,7.0
66391,7.0,186.0
70495,7.0,19.0
81197,7.0,231.0
106096,1.0,226.0
73813,1.0,219.0
17258,7.0,186.0
25445,1.0,20.0
87479,1.0,226.0
27245,1.0,25.0
35542,2.0,36.0
79831,1.0,21.0
10157,1.0,9.0
29756,12.0,33.0
10233,1.0,18.0
26731,1.0,25.0
9093,1.0,18.0
24811,1.0,20.0
76182,1.0,7.0
92039,1.0,176.0
77928,1.0,213.0
22705,1.0,20.0
17504,7.0,186.0
75428,1.0,7.0
25725,1.0,23.0
10974,1.0,18.0
16805,7.0,186.0
23265,1.0,20.0
78455,2.0,21.0
35182,1.0,165.0
23565,1.0,20.0
30818,20.0,33.0
13999,7.0,44.0
82189,1.0,235.0
16493,1.0,185.0
18178,7.0,186.0
13463,1.0,2.0
27798,1.0,126.0
28308,5.0,196.0
24587,1.0,20.0
16575,1.0,185.0
15913,1.0,185.0
73511,1.0,214.0
20963,7.0,76.0
34038,1.0,156.0
78761,1.0,21.0
25835,1.0,23.0
88275,1.0,239.0
105746,1.0,226.0
14173,7.0,44.0
105796,1.0,226.0
23235,1.0,20.0
86091,1.0,240.0
82949,1.0,214.0
87163,1.0,176.0
15157,7.0,44.0
68025,1.0,10.0
74228,1.0,219.0
8627,1.0,85.0
26591,1.0,23.0
8690,1.0,18.0
30678,20.0,33.0
79185,1.0,21.0
8871,1.0,18.0
13721,7.0,44.0
15717,7.0,44.0
31106,9.0,33.0
68902,7.0,15.0
69886,8.0,27.0
13953,7.0,44.0
23809,1.0,20.0
77564,1.0,227.0
104472,1.0,228.0
70278,7.0,19.0
26637,1.0,23.0
26699,1.0,25.0
21593,6.0,98.0
106922,1.0,226.0
82395,1.0,235.0
80727,1.0,213.0
68403,9.0,39.0
25869,1.0,23.0
24959,1.0,20.0
34254,1.0,160.0
21383,1.0,191.0
14091,7.0,44.0
34814,1.0,161.0
34604,1.0,161.0
26377,1.0,23.0
66309,7.0,44.0
14961,7.0,44.0
92253,1.0,176.0
13063,1.0,2.0
105762,1.0,226.0
72044,1.0,25.0
15533,7.0,44.0
18968,7.0,186.0
25417,1.0,20.0
15037,7.0,44.0
106120,1.0,226.0
16723,7.0,186.0
21561,6.0,98.0
17164,7.0,186.0
10303,1.0,18.0
74944,1.0,7.0
106286,1.0,226.0
85486,1.0,29.0
73867,7.0,217.0
30444,7.0,33.0
24943,1.0,20.0
34706,1.0,161.0
30776,20.0,33.0
85971,1.0,245.0
34526,1.0,161.0
80035,1.0,21.0
26177,1.0,23.0
80243,1.0,229.0
90359,1.0,234.0
92958,1.0,176.0
16925,7.0,186.0
108699,1.0,65.0
67818,9.0,39.0
85000,1.0,29.0
31258,20.0,33.0
28896,1.0,30.0
89029,1.0,253.0
76697,1.0,218.0
79707,1.0,21.0
104078,1.0,7.0
85046,1.0,29.0
32242,1.0,33.0
82987,1.0,214.0
87835,1.0,251.0
89344,1.0,270.0
86127,1.0,176.0
77894,1.0,213.0
9130,1.0,18.0
86437,1.0,247.0
25387,1.0,20.0
80111,1.0,229.0
68208,1.0,10.0
84154,1.0,221.0
26453,1.0,23.0
18676,7.0,186.0
27513,1.0,25.0
21859,7.0,98.0
68487,1.0,206.0
17268,7.0,186.0
35862,1.0,170.0
27217,1.0,25.0
88433,1.0,176.0
29500,20.0,33.0
79981,1.0,21.0
72379,1.0,137.0
76122,1.0,7.0
104312,1.0,228.0
20001,1.0,9.0
112431,1.0,269.0
19336,7.0,186.0
83426,1.0,214.0
70410,7.0,19.0
12338,1.0,18.0
27800,1.0,126.0
18042,7.0,186.0
87483,1.0,226.0
14247,7.0,44.0
9005,1.0,18.0
32114,1.0,33.0
80407,1.0,229.0
27840,1.0,194.0
19804,1.0,9.0
35014,1.0,161.0
108657,1.0,65.0
18596,7.0,186.0
90835,1.0,234.0
91145,1.0,213.0
71296,7.0,210.0
105994,1.0,226.0
28634,1.0,30.0
87425,1.0,226.0
30294,18.0,33.0
78877,1.0,21.0
34068,1.0,156.0
78931,1.0,21.0
93020,1.0,270.0
35546,1.0,36.0
89831,1.0,18.0
32392,1.0,33.0
29886,7.0,33.0
94305,1.0,238.0
79429,2.0,21.0
111227,1.0,174.0
34866,1.0,161.0
93300,1.0,270.0
33300,1.0,198.0
110563,1.0,174.0
18188,7.0,186.0
14817,7.0,44.0
70759,8.0,27.0
72479,1.0,137.0
17894,7.0,186.0
78287,1.0,213.0
93390,1.0,213.0
20981,7.0,76.0
77068,1.0,7.0
84624,1.0,50.0
71284,7.0,210.0
67875,9.0,39.0
12748,8.0,18.0
21659,6.0,98.0
80275,1.0,229.0
69612,8.0,27.0
89386,1.0,234.0
28414,1.0,30.0
79253,1.0,21.0
28206,5.0,196.0
13603,1.0,4.0
30242,7.0,33.0
30538,7.0,33.0
66322,6.0,44.0
12326,1.0,18.0
92513,1.0,229.0
81942,1.0,235.0
30310,7.0,33.0
69832,8.0,27.0
25273,1.0,20.0
18946,7.0,186.0
14577,7.0,44.0
17664,7.0,186.0
15679,7.0,44.0
15429,7.0,44.0
108703,1.0,65.0
73903,1.0,219.0
28508,1.0,30.0
78172,1.0,213.0
16695,7.0,186.0
83754,1.0,7.0
29486,20.0,33.0
86399,1.0,247.0
76389,1.0,18.0
85084,1.0,29.0
25263,1.0,20.0
79417,2.0,21.0
70158,1.0,18.0
29000,1.0,32.0
86095,1.0,218.0
36426,1.0,170.0
23147,1.0,20.0
79699,1.0,21.0
30968,9.0,33.0
30922,9.0,33.0
31722,7.0,33.0
78743,1.0,21.0
113995,1.0,18.0
83514,1.0,7.0
35378,1.0,165.0
26785,1.0,25.0
79793,1.0,21.0
29686,20.0,33.0
79309,1.0,21.0
20615,7.0,67.0
84348,1.0,221.0
66427,7.0,186.0
20809,7.0,76.0
25721,1.0,23.0
90329,1.0,223.0
70699,8.0,27.0
26153,1.0,23.0
32172,1.0,33.0
86707,1.0,176.0
81992,1.0,235.0
11025,1.0,18.0
104105,1.0,7.0
77470,1.0,227.0
22153,6.0,98.0
86713,1.0,176.0
16481,1.0,185.0
73441,1.0,213.0
30448,7.0,33.0
105628,1.0,226.0
14367,7.0,44.0
68927,7.0,15.0
33230,1.0,198.0
17100,6.0,44.0
107272,1.0,226.0
102708,1.0,7.0
23915,1.0,20.0
23317,1.0,20.0
83102,1.0,228.0
19362,7.0,186.0
14827,7.0,44.0
76649,2.0,18.0
23779,1.0,20.0
75588,1.0,7.0
17184,7.0,186.0
18966,7.0,186.0
9781,1.0,18.0
18424,7.0,186.0
29410,9.0,33.0
68436,7.0,39.0
106058,1.0,226.0
10392,1.0,18.0
34220,1.0,156.0
15001,7.0,44.0
92864,1.0,176.0
81553,1.0,214.0
26509,1.0,23.0
67085,9.0,39.0
81406,1.0,232.0
67370,7.0,39.0
70073,7.0,188.0
82495,1.0,236.0
113504,1.0,18.0
87955,1.0,251.0
74598,1.0,7.0
106116,1.0,226.0
9719,1.0,18.0
23233,1.0,20.0
24889,1.0,20.0
19697,1.0,9.0
19010,7.0,186.0
87307,1.0,176.0
83530,1.0,7.0
21289,7.0,76.0
69008,7.0,15.0
10471,1.0,18.0
82811,1.0,50.0
13785,7.0,44.0
9550,1.0,9.0
92535,1.0,229.0
34630,1.0,161.0
29526,20.0,33.0
31322,20.0,33.0
84490,1.0,221.0
30084,7.0,33.0
32216,1.0,33.0
70771,8.0,27.0
32934,20.0,33.0
81620,1.0,214.0
74674,1.0,7.0
32382,1.0,33.0
15461,7.0,44.0
19194,7.0,186.0
88097,1.0,270.0
33876,7.0,199.0
33866,7.0,199.0
19226,7.0,186.0
83029,1.0,214.0
14507,7.0,44.0
33464,1.0,198.0
32828,7.0,33.0
81075,1.0,228.0
83828,1.0,78.0
10446,1.0,18.0
69531,8.0,27.0
88553,1.0,252.0
9559,1.0,9.0
84576,1.0,50.0
33516,1.0,198.0
14297,7.0,44.0
92499,1.0,229.0
17128,7.0,186.0
87183,1.0,247.0
8928,1.0,18.0
72283,5.0,196.0
29174,1.0,32.0
77646,1.0,227.0
32110,1.0,33.0
35822,1.0,170.0
29520,9.0,33.0
83782,1.0,7.0
71251,7.0,210.0
84216,1.0,221.0
67447,7.0,39.0
24323,1.0,20.0
66190,7.0,44.0
83702,1.0,7.0
12339,1.0,18.0
91837,1.0,176.0
16051,1.0,185.0
8950,1.0,18.0
85973,1.0,245.0
110587,1.0,174.0
90961,1.0,78.0
11234,1.0,18.0
18708,7.0,186.0
102319,1.0,65.0
25897,1.0,23.0
26909,1.0,25.0
26899,1.0,25.0
81255,1.0,214.0
93108,1.0,218.0
35252,1.0,165.0
36484,1.0,202.0
19146,7.0,186.0
79015,1.0,21.0
21695,6.0,98.0
17768,7.0,186.0
30460,7.0,33.0
36244,1.0,170.0
19076,7.0,186.0
15159,7.0,44.0
23085,1.0,20.0
83554,1.0,7.0
90471,1.0,176.0
34812,1.0,161.0
73983,1.0,219.0
73483,1.0,214.0
74234,1.0,219.0
25171,1.0,20.0
86573,1.0,218.0
106718,1.0,226.0
23737,1.0,20.0
35038,1.0,161.0
35610,1.0,170.0
32484,7.0,33.0
18146,7.0,186.0
82617,1.0,236.0
34712,1.0,161.0
88205,1.0,18.0
34896,1.0,161.0
90585,1.0,176.0
73579,1.0,219.0
28086,1.0,194.0
23143,1.0,20.0
87775,1.0,176.0
85778,1.0,29.0
84650,1.0,221.0
108669,1.0,65.0
31678,18.0,33.0
26345,1.0,23.0
21827,6.0,98.0
80183,1.0,229.0
8875,1.0,9.0
29164,1.0,32.0
17818,7.0,186.0
86899,1.0,270.0
79295,1.0,21.0
26999,1.0,25.0
74384,1.0,221.0
13075,8.0,2.0
16103,1.0,185.0
20565,7.0,67.0
88271,1.0,239.0
74498,1.0,7.0
69928,8.0,27.0
83650,1.0,7.0
16589,1.0,185.0
84778,1.0,29.0
104549,1.0,228.0
75832,1.0,219.0
69889,8.0,27.0
82925,1.0,214.0
27195,1.0,25.0
83039,1.0,213.0
18444,7.0,186.0
28754,1.0,30.0
83966,1.0,242.0
35248,1.0,165.0
66379,6.0,186.0
74626,1.0,7.0
71319,9.0,211.0
81277,1.0,232.0
29452,9.0,33.0
86891,1.0,270.0
76497,1.0,18.0
81591,1.0,214.0
17148,7.0,186.0
111693,1.0,174.0
9311,1.0,18.0
113540,1.0,18.0
88201,1.0,18.0
29738,12.0,33.0
71138,9.0,210.0
71491,1.0,165.0
13137,1.0,2.0
15823,7.0,44.0
86043,1.0,240.0
12415,6.0,18.0
66370,7.0,186.0
17430,7.0,186.0
73837,1.0,219.0
90024,1.0,218.0
20185,1.0,10.0
71194,7.0,210.0
112509,1.0,269.0
26247,1.0,23.0
108643,1.0,65.0
35024,1.0,161.0
21611,6.0,98.0
22667,1.0,20.0
83562,1.0,7.0
75468,1.0,7.0
34152,1.0,156.0
19238,7.0,186.0
76338,1.0,218.0
27059,1.0,25.0
21967,7.0,98.0
20611,7.0,67.0
20933,7.0,76.0
110539,1.0,174.0
81842,1.0,235.0
80037,1.0,21.0
25143,1.0,20.0
18744,7.0,186.0
18182,7.0,186.0
68809,7.0,15.0
91975,1.0,176.0
82183,1.0,235.0
26639,1.0,23.0
8916,1.0,18.0
85798,1.0,29.0
27011,1.0,25.0
36844,1.0,38.0
9040,1.0,18.0
27135,1.0,25.0
28646,1.0,30.0
84017,1.0,242.0
75632,1.0,7.0
102893,1.0,7.0
30992,9.0,33.0
83051,1.0,234.0
31458,20.0,33.0
106752,1.0,226.0
22685,1.0,20.0
76768,1.0,7.0
67214,9.0,39.0
27776,1.0,25.0
88369,1.0,239.0
34422,1.0,161.0
92121,1.0,176.0
26303,1.0,23.0
14877,7.0,44.0
33000,20.0,33.0
68241,9.0,39.0
104288,1.0,228.0
32900,20.0,33.0
33470,1.0,198.0
19020,7.0,186.0
92425,1.0,229.0
87987,1.0,251.0
30800,20.0,33.0
80241,1.0,229.0
69982,8.0,27.0
30668,20.0,33.0
76493,1.0,18.0
79311,1.0,21.0
22227,7.0,193.0
82014,1.0,235.0
14601,7.0,44.0
17984,7.0,186.0
89761,1.0,213.0
86359,1.0,247.0
83458,1.0,7.0
11636,1.0,18.0
81744,1.0,235.0
72373,7.0,204.0
25601,1.0,23.0
81499,1.0,213.0
27095,1.0,25.0
93410,1.0,218.0
104460,1.0,228.0
75518,1.0,216.0
108519,1.0,65.0
69811,8.0,27.0
25515,1.0,23.0
16773,7.0,186.0
82665,1.0,237.0
29198,1.0,32.0
89324,1.0,214.0
75090,1.0,7.0
88495,1.0,252.0
77896,1.0,213.0
88411,1.0,218.0
86637,1.0,176.0
91843,1.0,176.0
103420,1.0,65.0
24275,1.0,20.0
32788,7.0,33.0
19274,7.0,186.0
12515,2.0,18.0
35352,1.0,165.0
22605,3.0,20.0
33678,1.0,198.0
73530,7.0,217.0
11675,1.0,18.0
30752,20.0,33.0
23623,2.0,20.0
77056,1.0,7.0
20999,7.0,76.0
106700,1.0,226.0
31218,20.0,33.0
20681,7.0,67.0
23219,1.0,20.0
18706,7.0,186.0
33144,1.0,198.0
27221,1.0,25.0
84090,1.0,221.0
24127,1.0,20.0
84582,1.0,50.0
15921,1.0,185.0
25867,1.0,23.0
13807,7.0,44.0
32576,7.0,33.0
19308,7.0,186.0
79353,1.0,21.0
9745,1.0,9.0
69585,8.0,27.0
23361,1.0,20.0
36090,1.0,170.0
16153,1.0,185.0
35466,1.0,165.0
86725,1.0,176.0
37014,1.0,38.0
102505,1.0,261.0
104332,1.0,228.0
26143,1.0,23.0
22211,7.0,193.0
31472,20.0,33.0
83770,1.0,7.0
76635,1.0,18.0
70486,7.0,19.0
74480,1.0,7.0
73931,7.0,217.0
11657,1.0,18.0
29832,7.0,33.0
75724,1.0,7.0
37004,1.0,38.0
35234,1.0,165.0
35150,1.0,165.0
106154,1.0,226.0
31976,18.0,33.0
36962,1.0,38.0
108639,1.0,65.0
74506,1.0,7.0
25609,1.0,23.0
70164,1.0,18.0
23759,1.0,20.0
75026,1.0,7.0
67321,7.0,39.0
110575,2.0,174.0
32876,20.0,33.0
20735,9.0,188.0
10952,1.0,18.0
14333,7.0,44.0
86123,1.0,176.0
33216,1.0,198.0
32446,7.0,33.0
16735,7.0,186.0
29326,1.0,32.0
25673,1.0,23.0
81442,1.0,232.0
24451,1.0,20.0
10297,1.0,18.0
16083,1.0,185.0
68418,7.0,39.0
21641,6.0,98.0
11614,1.0,18.0
35950,1.0,170.0
28872,1.0,30.0
19386,7.0,186.0
31166,7.0,33.0
11628,1.0,18.0
24151,1.0,20.0
74570,1.0,7.0
25931,1.0,23.0
81007,1.0,214.0
83242,1.0,240.0
12446,6.0,18.0
34556,1.0,161.0
103260,1.0,7.0
22105,7.0,98.0
26423,1.0,23.0
88581,1.0,252.0
28740,1.0,30.0
91221,2.0,213.0
81205,7.0,231.0
73743,1.0,219.0
25115,1.0,20.0
16279,2.0,185.0
19795,1.0,9.0
27754,1.0,25.0
83666,1.0,7.0
83226,1.0,240.0
23715,1.0,20.0
22307,7.0,110.0
77526,1.0,227.0
84072,1.0,221.0
73471,2.0,18.0
33388,1.0,198.0
79889,1.0,21.0
19835,1.0,9.0
34176,1.0,156.0
83873,1.0,242.0
36636,1.0,38.0
26181,1.0,23.0
18536,7.0,186.0
108719,1.0,65.0
36618,1.0,38.0
30768,20.0,33.0
15853,1.0,185.0
24061,1.0,20.0
73969,1.0,219.0
83608,1.0,7.0
25813,1.0,23.0
8861,1.0,18.0
79663,1.0,21.0
102867,1.0,7.0
29850,7.0,33.0
15999,1.0,185.0
29446,9.0,33.0
19070,7.0,186.0
23609,2.0,20.0
15819,7.0,44.0
77244,1.0,227.0
81336,1.0,214.0
85358,1.0,29.0
76731,1.0,7.0
16483,1.0,185.0
25631,1.0,23.0
36770,1.0,38.0
83496,1.0,7.0
84670,1.0,29.0
35506,1.0,36.0
108603,1.0,65.0
25225,1.0,20.0
16297,1.0,185.0
23357,1.0,20.0
20043,1.0,9.0
20993,7.0,76.0
36052,1.0,170.0
18008,7.0,186.0
33044,20.0,33.0
91175,1.0,213.0
13275,1.0,2.0
17512,7.0,186.0
19638,1.0,9.0
20089,1.0,9.0
23001,1.0,20.0
103446,1.0,65.0
36854,1.0,38.0
75190,1.0,7.0
10567,1.0,1.0
23657,2.0,20.0
69648,8.0,27.0
36446,1.0,170.0
84926,1.0,29.0
88529,1.0,252.0
76188,1.0,7.0
9078,1.0,18.0
82213,1.0,235.0
34570,1.0,161.0
88013,1.0,251.0
82103,1.0,235.0
23523,1.0,20.0
30950,9.0,33.0
24865,1.0,20.0
105906,1.0,226.0
14765,7.0,44.0
32918,20.0,33.0
26527,1.0,23.0
28376,1.0,30.0
102973,1.0,7.0
90919,1.0,78.0
74780,1.0,7.0
9808,1.0,18.0
23407,1.0,20.0
78357,1.0,21.0
32076,7.0,33.0
35994,1.0,170.0
14981,7.0,44.0
21429,7.0,98.0
30508,7.0,33.0
91879,1.0,176.0
86071,1.0,240.0
110519,1.0,174.0
90335,1.0,18.0
25271,1.0,20.0
36582,1.0,38.0
16657,1.0,185.0
18928,7.0,186.0
14687,7.0,44.0
35158,1.0,165.0
14873,7.0,44.0
70326,7.0,19.0
10398,1.0,18.0
25403,1.0,20.0
14285,7.0,44.0
80763,1.0,230.0
81577,1.0,213.0
26857,1.0,25.0
28340,1.0,197.0
74706,1.0,7.0
9255,1.0,18.0
26597,1.0,23.0
17924,7.0,186.0
36498,1.0,202.0
24239,1.0,20.0
27892,1.0,194.0
14445,7.0,44.0
83248,1.0,240.0
87339,1.0,213.0
82099,1.0,235.0
34804,1.0,161.0
36668,1.0,38.0
31076,9.0,33.0
30130,7.0,33.0
80413,1.0,229.0
72587,1.0,137.0
20513,7.0,67.0
67946,1.0,10.0
19296,7.0,186.0
110597,1.0,174.0
82345,1.0,235.0
29628,20.0,33.0
81436,1.0,232.0
80933,1.0,213.0
35866,1.0,170.0
18960,7.0,186.0
9646,1.0,18.0
102776,1.0,7.0
28444,1.0,30.0
23679,3.0,20.0
21197,7.0,76.0
35912,1.0,170.0
34330,7.0,201.0
34294,7.0,201.0
75996,1.0,7.0
21387,1.0,191.0
34426,1.0,161.0
24375,3.0,20.0
30228,7.0,33.0
31588,20.0,33.0
79615,1.0,21.0
28512,1.0,30.0
78453,1.0,21.0
14705,7.0,44.0
78249,1.0,7.0
32030,7.0,33.0
22409,7.0,110.0
16191,1.0,185.0
81814,1.0,235.0
10760,1.0,18.0
24645,1.0,20.0
106080,1.0,226.0
92445,1.0,229.0
105960,1.0,226.0
80229,1.0,229.0
82605,1.0,236.0
35218,1.0,165.0
14561,7.0,44.0
70756,8.0,27.0
23903,1.0,20.0
70245,7.0,19.0
21845,7.0,98.0
74126,1.0,219.0
24113,1.0,20.0
90643,1.0,176.0
89646,1.0,234.0
24581,1.0,20.0
88505,1.0,252.0
19562,1.0,9.0
16941,7.0,186.0
34438,1.0,161.0
27778,1.0,126.0
18572,7.0,186.0
12499,6.0,18.0
75282,1.0,7.0
67469,7.0,39.0
22281,7.0,193.0
75374,1.0,7.0
35078,1.0,161.0
88061,1.0,251.0
106918,1.0,226.0
81001,1.0,214.0
31836,7.0,33.0
86257,1.0,247.0
106016,1.0,226.0
29212,1.0,32.0
113680,1.0,18.0
111535,1.0,174.0
30478,7.0,33.0
16271,1.0,185.0
8544,1.0,92.0
85092,1.0,29.0
27706,1.0,25.0
71482,1.0,165.0
11633,1.0,18.0
21213,7.0,76.0
14983,7.0,44.0
103150,1.0,7.0
89538,1.0,234.0
80689,1.0,78.0
35142,1.0,165.0
85500,1.0,29.0
23155,1.0,20.0
28676,1.0,30.0
79905,1.0,21.0
32632,7.0,33.0
24407,1.0,20.0
25309,1.0,20.0
71254,7.0,210.0
113401,1.0,18.0
27884,1.0,194.0
17011,7.0,186.0
82795,1.0,50.0
23017,1.0,20.0
20683,7.0,67.0
35440,1.0,165.0
108553,1.0,65.0
93192,1.0,229.0
14359,7.0,44.0
75610,1.0,7.0
81169,1.0,231.0
31126,9.0,33.0
79685,1.0,21.0
33884,7.0,199.0
82659,1.0,237.0
9793,1.0,18.0
76124,1.0,7.0
25991,1.0,23.0
9850,1.0,9.0
25477,1.0,23.0
79457,1.0,21.0
21723,7.0,98.0
29940,7.0,33.0
85236,1.0,29.0
78355,1.0,218.0
83114,1.0,50.0
106328,1.0,226.0
8629,1.0,181.0
21381,1.0,191.0
78583,1.0,21.0
90741,1.0,213.0
31400,20.0,33.0
34868,1.0,161.0
31132,9.0,33.0
25277,1.0,20.0
75140,1.0,7.0
26353,1.0,23.0
70834,8.0,27.0
76581,1.0,225.0
86801,1.0,218.0
107978,1.0,267.0
19521,2.0,9.0
113547,1.0,18.0
73487,1.0,214.0
26425,1.0,23.0
32334,1.0,33.0
21015,7.0,76.0
76561,1.0,18.0
9144,1.0,18.0
81444,1.0,232.0
15887,1.0,185.0
85620,1.0,29.0
14465,7.0,44.0
73771,1.0,219.0
91031,1.0,213.0
18404,7.0,186.0
17136,7.0,186.0
82161,1.0,235.0
102901,1.0,7.0
106828,1.0,226.0
87871,1.0,226.0
31370,20.0,33.0
33156,1.0,198.0
34686,1.0,161.0
23271,1.0,20.0
82177,1.0,235.0
25645,1.0,23.0
13111,7.0,2.0
78871,1.0,21.0
88799,1.0,234.0
80297,1.0,229.0
14431,7.0,44.0
22655,1.0,20.0
17118,7.0,186.0
82885,1.0,214.0
26079,1.0,23.0
20267,7.0,67.0
84690,1.0,29.0
31228,20.0,33.0
76148,1.0,7.0
82817,1.0,50.0
34502,1.0,161.0
84688,1.0,29.0
14957,7.0,44.0
16817,7.0,186.0
15967,1.0,185.0
92549,1.0,229.0
86469,1.0,247.0
91361,1.0,270.0
15719,7.0,44.0
83851,1.0,242.0
70974,1.0,140.0
73463,1.0,18.0
84672,1.0,29.0
26085,1.0,23.0
80665,1.0,7.0
69389,8.0,27.0
92167,1.0,244.0
66208,7.0,44.0
23189,1.0,20.0
70489,7.0,19.0
13659,1.0,137.0
83053,1.0,234.0
37214,1.0,38.0
36266,1.0,170.0
82635,1.0,236.0
73735,1.0,219.0
90173,1.0,18.0
24825,1.0,20.0
84042,1.0,78.0
36996,1.0,38.0
73611,1.0,219.0
80141,1.0,229.0
21071,7.0,76.0
102813,1.0,7.0
31632,20.0,33.0
73435,1.0,213.0
113427,1.0,18.0
66361,7.0,186.0
72609,1.0,137.0
85578,1.0,29.0
26257,1.0,23.0
83792,1.0,213.0
23815,1.0,20.0
77772,1.0,227.0
19966,1.0,9.0
19656,1.0,9.0
79213,1.0,21.0
79145,1.0,21.0
70611,8.0,27.0
19136,7.0,186.0
27203,1.0,25.0
24915,1.0,20.0
78501,1.0,21.0
92666,1.0,227.0
113184,1.0,7.0
15665,7.0,44.0
14537,7.0,44.0
87153,1.0,176.0
75608,1.0,7.0
80735,1.0,230.0
29712,20.0,33.0
77468,1.0,227.0
68683,8.0,6.0
106990,1.0,226.0
23409,1.0,20.0
75536,1.0,7.0
93170,1.0,176.0
16495,1.0,185.0
88461,1.0,176.0
103031,1.0,7.0
81083,1.0,228.0
26091,1.0,23.0
85724,1.0,29.0
79097,1.0,21.0
73747,1.0,220.0
27117,1.0,25.0
78991,1.0,21.0
18174,7.0,186.0
81041,1.0,228.0
88425,1.0,234.0
67367,1.0,10.0
22713,1.0,20.0
89648,1.0,234.0
91195,1.0,213.0
13563,1.0,4.0
27866,1.0,194.0
9741,1.0,9.0
70906,1.0,140.0
75342,1.0,7.0
90793,1.0,213.0
32410,1.0,33.0
15355,7.0,44.0
14697,7.0,44.0
85232,1.0,29.0
24453,1.0,20.0
34574,1.0,161.0
106854,1.0,226.0
28226,5.0,196.0
79803,1.0,21.0
18152,7.0,186.0
76140,1.0,7.0
9969,1.0,18.0
89759,1.0,213.0
33692,1.0,198.0
10774,1.0,18.0
83368,1.0,216.0
13133,1.0,2.0
17162,7.0,186.0
9481,1.0,9.0
28390,1.0,30.0
36706,2.0,38.0
78228,1.0,213.0
15491,7.0,44.0
29250,1.0,32.0
87603,1.0,249.0
76094,1.0,7.0
80669,1.0,213.0
78939,1.0,21.0
24659,1.0,20.0
67190,7.0,39.0
23151,1.0,20.0
84040,1.0,18.0
80187,1.0,229.0
72047,1.0,25.0
80363,1.0,21.0
31414,20.0,33.0
34730,1.0,161.0
23145,1.0,20.0
22849,1.0,20.0
20645,7.0,67.0
18020,7.0,186.0
84848,1.0,29.0
16635,1.0,185.0
18664,7.0,186.0
74124,1.0,219.0
30402,7.0,33.0
13315,1.0,2.0
34980,1.0,161.0
30908,9.0,33.0
25185,1.0,20.0
106168,1.0,226.0
68313,9.0,39.0
74748,1.0,7.0
26205,1.0,23.0
16311,1.0,185.0
73865,7.0,217.0
10207,1.0,18.0
76761,1.0,7.0
9525,1.0,9.0
13219,7.0,2.0
92533,1.0,229.0
9095,1.0,18.0
78935,1.0,21.0
28008,1.0,194.0
34092,1.0,156.0
22565,1.0,20.0
34044,1.0,156.0
19246,7.0,186.0
15309,6.0,44.0
14291,7.0,44.0
32012,7.0,33.0
36876,1.0,38.0
78797,1.0,21.0
105642,1.0,226.0
67318,1.0,10.0
106878,1.0,226.0
17025,7.0,186.0
25607,1.0,23.0
90517,1.0,218.0
87149,1.0,50.0
33824,1.0,198.0
17356,7.0,186.0
14073,7.0,44.0
12474,9.0,18.0
15777,7.0,44.0
32092,1.0,33.0
21769,6.0,98.0
106090,1.0,226.0
77974,1.0,270.0
23185,1.0,20.0
78649,1.0,21.0
89301,1.0,214.0
18270,7.0,186.0
26945,1.0,25.0
35186,1.0,165.0
88399,1.0,218.0
13473,8.0,2.0
113714,1.0,18.0
79333,1.0,21.0
22741,1.0,20.0
88103,1.0,176.0
33986,1.0,156.0
20015,1.0,9.0
67118,9.0,39.0
8487,1.0,179.0
9973,1.0,18.0
29904,7.0,33.0
32774,7.0,33.0
9829,1.0,9.0
35980,1.0,170.0
66998,7.0,205.0
105832,1.0,226.0
76074,1.0,7.0
19688,1.0,9.0
27187,1.0,25.0
73783,1.0,219.0
70419,7.0,19.0
85074,1.0,29.0
78607,1.0,21.0
25819,1.0,23.0
19326,7.0,186.0
25785,1.0,23.0
68960,7.0,15.0
17760,7.0,186.0
104250,1.0,228.0
74902,1.0,7.0
26405,1.0,23.0
15867,1.0,185.0
79103,1.0,21.0
76232,1.0,224.0
68136,9.0,39.0
16595,1.0,185.0
103093,1.0,7.0
30962,9.0,33.0
84758,1.0,29.0
31566,20.0,33.0
30790,20.0,33.0
110545,1.0,174.0
113510,1.0,18.0
16843,7.0,186.0
16687,7.0,186.0
90831,1.0,218.0
76990,1.0,7.0
29330,1.0,32.0
81880,1.0,235.0
79661,1.0,21.0
74854,1.0,7.0
25751,1.0,23.0
82385,1.0,235.0
17402,7.0,186.0
85538,1.0,29.0
76304,1.0,18.0
66205,7.0,44.0
8655,1.0,93.0
35428,1.0,165.0
32744,7.0,33.0
92660,1.0,227.0
85496,1.0,29.0
15063,7.0,44.0
87151,1.0,176.0
33852,7.0,199.0
20193,1.0,10.0
33198,1.0,198.0
113577,1.0,18.0
29810,9.0,33.0
76166,1.0,7.0
11669,1.0,18.0
92007,1.0,176.0
113496,1.0,18.0
72095,5.0,196.0
13451,1.0,2.0
105748,1.0,226.0
71686,1.0,165.0
82961,1.0,214.0
110591,1.0,174.0
85228,1.0,29.0
83244,1.0,240.0
104438,1.0,228.0
33774,1.0,198.0
86705,1.0,176.0
30168,7.0,33.0
72171,5.0,196.0
23193,1.0,20.0
13283,1.0,2.0
106970,1.0,226.0
25965,1.0,23.0
104507,1.0,228.0
16097,1.0,185.0
33532,1.0,198.0
80049,1.0,21.0
16043,1.0,185.0
67391,1.0,10.0
19306,7.0,186.0
75946,1.0,218.0
13173,1.0,2.0
32332,1.0,33.0
91871,1.0,176.0
67787,1.0,10.0
12481,1.0,18.0
15027,7.0,44.0
85460,1.0,29.0
103410,1.0,65.0
20295,7.0,67.0
32344,1.0,33.0
9951,1.0,18.0
16061,1.0,185.0
74596,1.0,216.0
72222,5.0,196.0
28082,1.0,194.0
102728,1.0,7.0
19485,2.0,9.0
24913,1.0,20.0
81103,1.0,228.0
75436,1.0,7.0
76904,1.0,7.0
74926,1.0,7.0
92744,1.0,270.0
34002,1.0,156.0
37106,1.0,38.0
23297,1.0,20.0
21825,6.0,98.0
110619,1.0,174.0
106800,1.0,226.0
16069,1.0,185.0
74762,1.0,7.0
79549,1.0,21.0
84832,1.0,29.0
24117,1.0,20.0
18804,7.0,186.0
85606,1.0,29.0
10324,1.0,176.0
14955,7.0,44.0
30430,7.0,33.0
113352,1.0,10.0
72325,5.0,196.0
27664,1.0,25.0
102803,1.0,7.0
26359,1.0,23.0
25823,1.0,23.0
72720,1.0,137.0
14119,7.0,44.0
31154,9.0,33.0
90205,1.0,244.0
86221,1.0,218.0
21637,6.0,98.0
16453,1.0,185.0
87639,1.0,270.0
8906,1.0,9.0
12775,8.0,18.0
14123,7.0,44.0
34500,1.0,161.0
87783,1.0,176.0
71334,9.0,211.0
81471,1.0,214.0
22333,7.0,110.0
77366,1.0,227.0
91249,2.0,213.0
78787,1.0,21.0
89133,1.0,270.0
10009,1.0,18.0
19270,7.0,186.0
25643,1.0,23.0
26087,1.0,23.0
66349,1.0,185.0
68250,7.0,39.0
106238,1.0,226.0
24067,1.0,20.0
18878,7.0,186.0
13925,7.0,44.0
21177,7.0,76.0
74934,1.0,7.0
87863,1.0,251.0
34800,1.0,161.0
24489,1.0,20.0
20337,7.0,67.0
77164,3.0,7.0
34994,1.0,161.0
78805,1.0,21.0
18668,7.0,186.0
80157,1.0,229.0
21043,7.0,76.0
88075,1.0,251.0
76463,2.0,18.0
28814,1.0,30.0
84214,1.0,221.0
35484,1.0,165.0
24895,1.0,20.0
93594,1.0,78.0
12506,8.0,18.0
84438,1.0,221.0
78064,1.0,213.0
81195,1.0,231.0
71410,9.0,211.0
35560,1.0,36.0
26991,1.0,25.0
30636,20.0,33.0
14621,7.0,44.0
25961,1.0,23.0
85198,1.0,29.0
29378,1.0,32.0
19408,7.0,186.0
13527,1.0,2.0
22159,7.0,193.0
35834,1.0,170.0
34848,1.0,161.0
70870,1.0,140.0
79243,1.0,21.0
69251,1.0,108.0
36678,1.0,38.0
87411,1.0,226.0
31018,9.0,33.0
33472,1.0,198.0
34110,1.0,156.0
93612,1.0,78.0
85376,1.0,29.0
67902,9.0,39.0
10523,1.0,1.0
82894,1.0,214.0
36400,1.0,170.0
33206,1.0,198.0
34124,1.0,156.0
17003,7.0,186.0
88465,1.0,176.0
89460,1.0,176.0
69398,8.0,27.0
113186,1.0,7.0
24137,1.0,20.0
78829,1.0,21.0
82141,1.0,235.0
31306,20.0,33.0
34832,1.0,161.0
28000,1.0,194.0
32042,18.0,33.0
82113,1.0,235.0
76242,1.0,224.0
25733,1.0,23.0
74170,1.0,219.0
9025,1.0,18.0
80001,1.0,21.0
33772,1.0,198.0
15897,1.0,185.0
76068,1.0,7.0
81864,1.0,235.0
83925,1.0,242.0
11664,1.0,18.0
77188,1.0,7.0
103103,1.0,7.0
13491,8.0,2.0
18868,7.0,186.0
68475,6.0,206.0
74832,1.0,7.0
78315,1.0,213.0
69630,8.0,27.0
83001,1.0,214.0
16223,1.0,185.0
77086,1.0,7.0
31662,18.0,33.0
16485,1.0,185.0
28650,1.0,30.0
12336,1.0,18.0
17372,7.0,186.0
76414,1.0,18.0
105998,1.0,226.0
11108,1.0,18.0
35644,1.0,170.0
85116,1.0,29.0
9323,1.0,9.0
84454,1.0,221.0
21479,7.0,98.0
67331,1.0,10.0
21471,7.0,98.0
18802,7.0,186.0
86523,1.0,247.0
78407,1.0,21.0
67435,7.0,39.0
84704,1.0,29.0
35116,1.0,161.0
36798,1.0,38.0
79559,1.0,21.0
30832,20.0,33.0
10979,1.0,18.0
112463,1.0,269.0
106320,1.0,226.0
27227,1.0,25.0
9910,1.0,9.0
88621,1.0,252.0
18684,7.0,186.0
92479,1.0,229.0
86507,1.0,247.0
35554,1.0,36.0
89904,1.0,78.0
33282,1.0,198.0
22869,1.0,20.0
26621,1.0,23.0
31140,9.0,33.0
70608,8.0,27.0
72452,1.0,137.0
70266,7.0,19.0
31700,18.0,33.0
108687,1.0,65.0
84714,1.0,29.0
71212,7.0,210.0
86227,1.0,176.0
35502,1.0,36.0
27790,1.0,126.0
102829,1.0,7.0
80153,1.0,229.0
70589,8.0,27.0
31998,7.0,33.0
23379,1.0,20.0
67196,7.0,39.0
18242,7.0,186.0
29424,9.0,33.0
33024,5.0,33.0
16989,7.0,186.0
10598,1.0,1.0
69359,8.0,27.0
74982,1.0,7.0
36180,1.0,170.0
28474,1.0,30.0
90128,1.0,50.0
20599,7.0,67.0
19533,2.0,9.0
28836,1.0,30.0
89340,1.0,270.0
23117,1.0,20.0
82711,1.0,237.0
82761,1.0,50.0
32798,7.0,33.0
28914,1.0,30.0
68779,7.0,15.0
92706,1.0,227.0
83506,1.0,7.0
85124,1.0,29.0
8601,1.0,83.0
17728,7.0,186.0
90815,1.0,213.0
31746,18.0,33.0
28110,1.0,194.0
28674,1.0,30.0
31352,20.0,33.0
27449,1.0,25.0
17366,7.0,186.0
66454,7.0,186.0
25303,1.0,20.0
12466,6.0,18.0
92275,1.0,176.0
80159,1.0,229.0
25339,1.0,20.0
85216,1.0,29.0
29068,1.0,32.0
80161,1.0,229.0
102809,1.0,7.0
80085,1.0,229.0
67046,7.0,39.0
31114,9.0,33.0
22429,7.0,110.0
32450,7.0,33.0
83378,1.0,214.0
80685,1.0,213.0
18856,7.0,186.0
77178,1.0,7.0
84596,1.0,50.0
104468,1.0,228.0
16983,7.0,186.0
22531,1.0,20.0
27389,1.0,25.0
83568,1.0,7.0
74922,1.0,7.0
17554,7.0,186.0
72068,1.0,194.0
110418,1.0,228.0
14677,7.0,44.0
88067,1.0,251.0
103111,1.0,7.0
81003,1.0,214.0
34228,7.0,200.0
112389,1.0,269.0
77130,1.0,7.0
77414,1.0,227.0
26485,1.0,23.0
82737,1.0,50.0
19052,7.0,186.0
83454,1.0,7.0
77302,1.0,227.0
12831,8.0,18.0
23769,1.0,20.0
110601,1.0,174.0
28450,1.0,30.0
75084,1.0,7.0
27666,1.0,25.0
79499,1.0,21.0
82577,1.0,236.0
87889,1.0,251.0
33124,1.0,198.0
31880,7.0,33.0
16129,1.0,185.0
89307,1.0,214.0
9721,1.0,18.0
87391,1.0,176.0
10966,1.0,18.0
87877,1.0,251.0
9875,1.0,9.0
92399,1.0,229.0
21233,7.0,76.0
80773,1.0,213.0
28446,1.0,30.0
35490,1.0,165.0
105768,1.0,226.0
35770,1.0,170.0
86343,1.0,247.0
30392,7.0,33.0
14421,7.0,44.0
35756,1.0,170.0
13737,7.0,44.0
86077,1.0,240.0
31122,9.0,33.0
77066,1.0,7.0
85714,1.0,29.0
81800,1.0,235.0
37006,1.0,38.0
22599,1.0,20.0
112809,1.0,7.0
77774,1.0,227.0
30188,7.0,33.0
78277,1.0,78.0
30644,20.0,33.0
69504,8.0,27.0
10279,1.0,18.0
67989,9.0,39.0
30928,9.0,33.0
86223,1.0,176.0
113449,1.0,18.0
78114,1.0,176.0
69732,8.0,27.0
19898,1.0,9.0
18872,7.0,186.0
15455,7.0,44.0
83330,1.0,214.0
21741,6.0,98.0
83903,1.0,242.0
17278,7.0,186.0
24403,1.0,20.0
20233,1.0,10.0
30072,7.0,33.0
19158,7.0,186.0
68349,9.0,39.0
66424,7.0,186.0
15659,7.0,44.0
75056,1.0,216.0
18194,7.0,186.0
28538,1.0,30.0
8570,1.0,181.0
12745,8.0,18.0
70431,7.0,19.0
27293,1.0,25.0
28822,1.0,30.0
24983,1.0,20.0
22739,1.0,20.0
82771,1.0,50.0
93464,1.0,50.0
26225,1.0,23.0
32406,1.0,33.0
12469,6.0,18.0
85454,1.0,29.0
79825,1.0,21.0
23413,1.0,20.0
112417,1.0,269.0
80079,1.0,229.0
80329,1.0,229.0
79833,1.0,21.0
25753,1.0,23.0
80437,1.0,229.0
32356,1.0,33.0
90915,1.0,78.0
15959,1.0,185.0
69092,7.0,15.0
76208,1.0,7.0
92013,1.0,176.0
23493,1.0,20.0
83406,1.0,214.0
102897,1.0,7.0
113565,1.0,18.0
17778,7.0,186.0
35232,1.0,165.0
8802,1.0,18.0
74720,1.0,7.0
30348,7.0,33.0
19176,7.0,186.0
32094,1.0,33.0
13709,7.0,44.0
82509,1.0,236.0
21979,7.0,98.0
29582,45.0,33.0
77584,1.0,227.0
92529,1.0,229.0
87331,1.0,176.0
30620,20.0,33.0
17120,7.0,186.0
78070,1.0,78.0
15517,7.0,44.0
108429,1.0,7.0
29190,1.0,32.0
69892,8.0,27.0
103061,1.0,7.0
33990,1.0,156.0
84648,1.0,221.0
23933,1.0,20.0
70449,7.0,19.0
112801,1.0,7.0
76834,1.0,7.0
36246,1.0,170.0
33418,1.0,198.0
23139,1.0,20.0
15285,6.0,44.0
86393,1.0,247.0
15825,7.0,44.0
36218,1.0,170.0
84314,1.0,221.0
16899,7.0,186.0
106156,1.0,226.0
16593,1.0,185.0
15575,7.0,44.0
34060,1.0,156.0
17270,7.0,186.0
78731,1.0,21.0
91091,1.0,213.0
106776,1.0,226.0
29988,7.0,33.0
67553,1.0,10.0
19086,7.0,186.0
73793,1.0,219.0
19100,7.0,186.0
81824,1.0,235.0
32604,7.0,33.0
87933,1.0,251.0
76222,1.0,7.0
74094,1.0,219.0
17978,7.0,186.0
23215,1.0,20.0
25775,1.0,23.0
34890,1.0,161.0
36920,2.0,38.0
74342,1.0,219.0
30292,18.0,33.0
67619,1.0,10.0
17290,7.0,186.0
16935,7.0,186.0
82483,1.0,236.0
28300,5.0,196.0
19050,7.0,186.0
34826,1.0,161.0
10487,1.0,18.0
23533,1.0,20.0
18782,7.0,186.0
89099,1.0,213.0
103364,1.0,65.0
12813,8.0,18.0
13565,1.0,4.0
32284,1.0,33.0
26581,1.0,23.0
78695,1.0,21.0
75178,1.0,7.0
16391,1.0,185.0
102329,1.0,65.0
27213,1.0,25.0
87633,1.0,218.0
13529,1.0,2.0
86627,1.0,218.0
23821,1.0,20.0
80541,1.0,270.0
20371,7.0,67.0
74524,1.0,7.0
69796,8.0,27.0
25451,1.0,23.0
79959,1.0,21.0
23693,1.0,20.0
31214,20.0,33.0
76268,1.0,224.0
92828,1.0,18.0
28050,1.0,194.0
22363,7.0,110.0
73859,7.0,217.0
28758,1.0,30.0
18570,7.0,186.0
73909,1.0,219.0
80165,1.0,229.0
93418,1.0,218.0
26625,1.0,23.0
27742,1.0,25.0
36496,1.0,202.0
12341,1.0,18.0
93724,1.0,218.0
26867,1.0,25.0
23277,1.0,20.0
90609,1.0,176.0
85178,1.0,29.0
33458,1.0,198.0
8970,1.0,18.0
22585,1.0,20.0
22085,7.0,98.0
32510,7.0,33.0
22313,7.0,110.0
81774,1.0,235.0
27359,1.0,25.0
20687,7.0,67.0
78997,1.0,21.0
76276,1.0,224.0
16409,1.0,185.0
23571,1.0,20.0
31586,20.0,33.0
81640,1.0,235.0
81652,1.0,235.0
75986,1.0,7.0
23385,1.0,20.0
82943,1.0,214.0
35410,1.0,165.0
89208,1.0,243.0
20573,7.0,67.0
73883,1.0,219.0
74210,1.0,219.0
68168,1.0,10.0
10319,1.0,9.0
15503,7.0,44.0
31330,20.0,33.0
24717,1.0,20.0
17900,7.0,186.0
82157,1.0,235.0
83031,1.0,213.0
77762,1.0,227.0
89698,1.0,213.0
35728,1.0,170.0
85156,1.0,29.0
19915,1.0,9.0
77242,1.0,62.0
68322,9.0,39.0
87819,1.0,251.0
74282,1.0,219.0
73542,7.0,217.0
18136,7.0,186.0
113490,1.0,18.0
85060,1.0,29.0
79885,1.0,21.0
79489,2.0,21.0
106882,1.0,226.0
14541,7.0,44.0
32350,1.0,33.0
35054,1.0,161.0
92113,1.0,176.0
81171,1.0,231.0
85842,1.0,234.0
32124,1.0,33.0
8889,1.0,18.0
21727,7.0,98.0
28922,1.0,30.0
71400,9.0,211.0
77000,1.0,7.0
31304,20.0,33.0
28290,5.0,196.0
106284,1.0,226.0
32618,7.0,33.0
88601,1.0,252.0
78967,1.0,21.0
87381,1.0,218.0
76982,1.0,7.0
18082,7.0,186.0
88401,1.0,218.0
70632,8.0,27.0
91851,1.0,176.0
16917,7.0,186.0
31532,20.0,33.0
77320,1.0,227.0
26507,1.0,23.0
91915,1.0,176.0
31938,18.0,33.0
72476,1.0,137.0
79937,1.0,21.0
79173,1.0,21.0
23607,2.0,20.0
14691,7.0,44.0
67803,7.0,39.0
85582,1.0,29.0
83706,1.0,7.0
35382,1.0,165.0
77022,1.0,7.0
30098,7.0,33.0
77340,1.0,227.0
75398,1.0,7.0
71322,9.0,211.0
23547,1.0,20.0
33732,1.0,198.0
19891,1.0,9.0
93194,1.0,229.0
105604,1.0,226.0
69964,8.0,27.0
83758,1.0,7.0
24485,1.0,20.0
79925,1.0,21.0
23979,1.0,20.0
17784,7.0,186.0
23761,1.0,20.0
79107,1.0,21.0
18524,7.0,186.0
31456,20.0,33.0
13511,7.0,2.0
70227,7.0,19.0
17188,7.0,186.0
82735,1.0,50.0
86529,2.0,247.0
78347,1.0,213.0
35790,1.0,170.0
37024,1.0,38.0
27898,1.0,194.0
30120,7.0,33.0
79909,1.0,21.0
67387,1.0,10.0
13531,1.0,2.0
103125,1.0,7.0
21615,6.0,98.0
106272,1.0,226.0
15763,7.0,44.0
68827,7.0,15.0
19330,7.0,186.0
17914,7.0,186.0
77698,1.0,227.0
35620,1.0,170.0
77832,1.0,213.0
21977,7.0,98.0
34790,1.0,161.0
81579,1.0,214.0
11678,1.0,18.0
12801,8.0,18.0
92115,1.0,176.0
88357,1.0,239.0
78150,1.0,213.0
18432,7.0,186.0
90491,1.0,270.0
15953,1.0,185.0
83160,1.0,78.0
81312,1.0,214.0
23499,1.0,20.0
88069,1.0,251.0
85284,1.0,29.0
23273,1.0,20.0
73857,7.0,217.0
84420,1.0,221.0
22283,7.0,193.0
68908,7.0,15.0
27473,1.0,25.0
113551,1.0,18.0
23363,1.0,20.0
79945,1.0,21.0
69272,6.0,207.0
21869,7.0,98.0
14669,7.0,44.0
104256,1.0,228.0
16063,1.0,185.0
35940,1.0,170.0
102997,1.0,7.0
9185,1.0,18.0
31934,18.0,33.0
18026,7.0,186.0
82777,1.0,50.0
27856,1.0,194.0
33928,1.0,156.0
33304,1.0,198.0
81125,1.0,228.0
106208,1.0,226.0
22387,7.0,110.0
19144,7.0,186.0
10499,1.0,18.0
106760,1.0,226.0
89702,1.0,213.0
82435,1.0,214.0
86881,1.0,270.0
30452,7.0,33.0
75934,1.0,176.0
9233,1.0,18.0
15395,7.0,44.0
15885,1.0,185.0
21713,7.0,98.0
80399,1.0,229.0
20657,7.0,67.0
15073,7.0,44.0
30686,20.0,33.0
36442,1.0,170.0
74658,1.0,7.0
25767,1.0,23.0
19446,7.0,186.0
70504,7.0,19.0
29176,1.0,32.0
92523,1.0,229.0
29126,1.0,32.0
35034,1.0,161.0
36014,1.0,170.0
23067,1.0,20.0
70577,1.0,20.0
24517,1.0,20.0
34658,1.0,161.0
25787,1.0,23.0
35036,1.0,161.0
89815,1.0,18.0
81297,1.0,214.0
17520,7.0,186.0
29610,9.0,33.0
10765,1.0,18.0
21027,7.0,76.0
32006,7.0,33.0
108463,1.0,65.0
68127,9.0,39.0
68662,7.0,206.0
15299,6.0,44.0
9429,1.0,9.0
34252,1.0,160.0
82443,1.0,214.0
26763,1.0,25.0
82921,1.0,213.0
36816,1.0,38.0
83950,1.0,78.0
33566,1.0,198.0
112821,1.0,7.0
28382,1.0,30.0
75300,1.0,7.0
26447,1.0,23.0
72569,1.0,137.0
75718,1.0,7.0
9307,1.0,18.0
36522,1.0,202.0
81452,1.0,232.0
89771,1.0,176.0
72177,5.0,196.0
9249,1.0,18.0
67764,7.0,39.0
79789,1.0,21.0
24879,1.0,20.0
74704,1.0,7.0
33074,20.0,33.0
69233,7.0,15.0
102843,1.0,7.0
72654,1.0,137.0
75238,1.0,7.0
88175,1.0,18.0
77446,1.0,227.0
9859,1.0,9.0
25987,1.0,23.0
71117,7.0,209.0
8780,1.0,18.0
8431,2.0,41.0
27626,1.0,25.0
29574,45.0,33.0
87943,1.0,251.0
78851,1.0,21.0
75198,1.0,7.0
79169,5.0,21.0
78419,1.0,21.0
77362,1.0,227.0
93396,1.0,218.0
14851,7.0,44.0
25691,1.0,23.0
74962,1.0,7.0
24369,3.0,20.0
35878,1.0,170.0
34818,1.0,161.0
86475,2.0,247.0
20773,8.0,189.0
31874,7.0,33.0
88055,1.0,251.0
89726,1.0,213.0
20113,1.0,9.0
106242,1.0,226.0
89566,1.0,176.0
83752,1.0,7.0
81840,1.0,235.0
27517,1.0,25.0
87467,1.0,226.0
8510,1.0,74.0
70586,1.0,23.0
108585,1.0,65.0
17266,7.0,186.0
36898,2.0,38.0
34036,1.0,156.0
18224,7.0,186.0
24921,1.0,20.0
10217,1.0,18.0
79079,1.0,21.0
9227,1.0,18.0
90749,1.0,213.0
21907,7.0,98.0
81348,1.0,214.0
91861,1.0,176.0
76204,1.0,7.0
102651,1.0,7.0
21061,7.0,76.0
9275,1.0,18.0
29104,1.0,32.0
9056,1.0,18.0
87781,1.0,176.0
33052,20.0,33.0
73823,1.0,219.0
92295,1.0,176.0
30076,7.0,33.0
67916,1.0,10.0
93598,1.0,78.0
80925,1.0,213.0
37050,2.0,38.0
103129,1.0,7.0
78343,1.0,213.0
27191,1.0,25.0
15347,6.0,44.0
79393,1.0,21.0
76324,1.0,18.0
26025,1.0,23.0
23719,1.0,20.0
84592,1.0,50.0
24765,1.0,20.0
8599,1.0,83.0
80527,1.0,228.0
32100,1.0,33.0
84308,1.0,221.0
92327,1.0,176.0
22407,7.0,110.0
32080,7.0,33.0
22925,1.0,20.0
83021,1.0,214.0
36610,2.0,38.0
33414,1.0,198.0
27678,1.0,25.0
86509,1.0,247.0
29952,7.0,33.0
71476,1.0,165.0
110589,1.0,174.0
77636,1.0,227.0
81960,1.0,214.0
36368,1.0,170.0
24175,1.0,20.0
18608,7.0,186.0
15033,7.0,44.0
25241,1.0,20.0
26173,1.0,23.0
9854,1.0,9.0
